expiry,T,r,strike,side,type,dK,weight,mid,cp_flag
2020-07-13,0.07671232876712329,0.0,800.0,P,OTM,100.0,0.004073660714285714,0.075,P
2020-07-13,0.07671232876712329,0.0,900.0,P,OTM,100.0,0.0032186948853615517,0.1,P
2020-07-13,0.07671232876712329,0.0,1000.0,P,OTM,100.0,0.002607142857142857,0.125,P
2020-07-13,0.07671232876712329,0.0,1100.0,P,OTM,100.0,0.002154663518299882,0.15,P
2020-07-13,0.07671232876712329,0.0,1200.0,P,OTM,100.0,0.0018105158730158729,0.19999999999999998,P
2020-07-13,0.07671232876712329,0.0,1300.0,P,OTM,100.0,0.0015426880811496195,0.275,P
2020-07-13,0.07671232876712329,0.0,1400.0,P,OTM,100.0,0.0013301749271137026,0.35,P
2020-07-13,0.07671232876712329,0.0,1500.0,P,OTM,100.0,0.0011587301587301588,0.42500000000000004,P
2020-07-13,0.07671232876712329,0.0,1600.0,P,OTM,100.0,0.0010184151785714284,0.6,P
2020-07-13,0.07671232876712329,0.0,1700.0,P,OTM,100.0,0.0009021255561047948,0.8,P
2020-07-13,0.07671232876712329,0.0,1800.0,P,OTM,100.0,0.0008046737213403879,1.0,P
2020-07-13,0.07671232876712329,0.0,1900.0,P,OTM,100.0,0.0007222002374356944,1.35,P
2020-07-13,0.07671232876712329,0.0,2000.0,P,OTM,100.0,0.0006517857142857142,1.825,P
2020-07-13,0.07671232876712329,0.0,2100.0,P,OTM,100.0,0.0005911888564949789,2.475,P
2020-07-13,0.07671232876712329,0.0,2200.0,P,OTM,100.0,0.0005386658795749705,3.35,P
2020-07-13,0.07671232876712329,0.0,2300.0,P,OTM,75.0,0.00036963273021874154,4.65,P
2020-07-13,0.07671232876712329,0.0,2350.0,P,OTM,50.0,0.0002360473388087693,5.5,P
2020-07-13,0.07671232876712329,0.0,2400.0,P,OTM,37.5,0.0001697358630952381,6.6,P
2020-07-13,0.07671232876712329,0.0,2425.0,P,OTM,25.0,0.00011083612954162426,7.2,P
2020-07-13,0.07671232876712329,0.0,2450.0,P,OTM,25.0,0.00010858570833581244,7.949999999999999,P
2020-07-13,0.07671232876712329,0.0,2475.0,P,OTM,25.0,0.000106403136706167,8.75,P
2020-07-13,0.07671232876712329,0.0,2500.0,P,OTM,25.0,0.00010428571428571427,9.65,P
2020-07-13,0.07671232876712329,0.0,2525.0,P,OTM,25.0,0.0001022308737238646,10.65,P
2020-07-13,0.07671232876712329,0.0,2550.0,P,OTM,25.0,0.00010023617290053277,11.85,P
2020-07-13,0.07671232876712329,0.0,2575.0,P,OTM,25.0,9.829928766680581e-05,13.100000000000001,P
2020-07-13,0.07671232876712329,0.0,2600.0,P,OTM,25.0,9.641800507185122e-05,14.600000000000001,P
2020-07-13,0.07671232876712329,0.0,2625.0,P,OTM,25.0,9.459021703919662e-05,16.25,P
2020-07-13,0.07671232876712329,0.0,2650.0,P,OTM,25.0,9.281391445862787e-05,18.049999999999997,P
2020-07-13,0.07671232876712329,0.0,2675.0,P,OTM,15.0,5.465230899766667e-05,20.1,P
2020-07-13,0.07671232876712329,0.0,2680.0,P,OTM,7.5,2.722428635076218e-05,20.549999999999997,P
2020-07-13,0.07671232876712329,0.0,2690.0,P,OTM,10.0,3.602966870472847e-05,21.4,P
2020-07-13,0.07671232876712329,0.0,2700.0,P,OTM,10.0,3.576327650401724e-05,22.4,P
2020-07-13,0.07671232876712329,0.0,2710.0,P,OTM,10.0,3.5499827850149875e-05,23.299999999999997,P
2020-07-13,0.07671232876712329,0.0,2720.0,P,OTM,7.5,2.6429459651507663e-05,24.35,P
2020-07-13,0.07671232876712329,0.0,2725.0,P,OTM,5.0,1.755503985955968e-05,24.9,P
2020-07-13,0.07671232876712329,0.0,2730.0,P,OTM,7.5,2.6236191856286044e-05,25.4,P
2020-07-13,0.07671232876712329,0.0,2740.0,P,OTM,10.0,3.472671502401376e-05,26.5,P
2020-07-13,0.07671232876712329,0.0,2750.0,P,OTM,10.0,3.447461629279811e-05,27.65,P
2020-07-13,0.07671232876712329,0.0,2760.0,P,OTM,10.0,3.4225252798031625e-05,28.85,P
2020-07-13,0.07671232876712329,0.0,2770.0,P,OTM,7.5,2.5483938834823115e-05,30.05,P
2020-07-13,0.07671232876712329,0.0,2775.0,P,OTM,5.0,1.6928125036233142e-05,30.75,P
2020-07-13,0.07671232876712329,0.0,2780.0,P,OTM,7.5,2.5300930889409747e-05,31.35,P
2020-07-13,0.07671232876712329,0.0,2790.0,P,OTM,10.0,3.349318299023467e-05,32.75,P
2020-07-13,0.07671232876712329,0.0,2800.0,P,OTM,10.0,3.325437317784256e-05,34.1,P
2020-07-13,0.07671232876712329,0.0,2810.0,P,OTM,10.0,3.301810839709296e-05,35.55,P
2020-07-13,0.07671232876712329,0.0,2820.0,P,OTM,7.5,2.45882644592468e-05,37.1,P
2020-07-13,0.07671232876712329,0.0,2825.0,P,OTM,5.0,1.6334202253224883e-05,37.849999999999994,P
2020-07-13,0.07671232876712329,0.0,2830.0,P,OTM,7.5,2.4414802817579725e-05,38.650000000000006,P
2020-07-13,0.07671232876712329,0.0,2840.0,P,OTM,10.0,3.2324227052455577e-05,40.3,P
2020-07-13,0.07671232876712329,0.0,2850.0,P,OTM,7.5,2.407334124785648e-05,42.0,P
2020-07-13,0.07671232876712329,0.0,2855.0,P,OTM,5.0,1.5992730099238176e-05,42.849999999999994,P
2020-07-13,0.07671232876712329,0.0,2860.0,P,OTM,5.0,1.5936860342454747e-05,43.75,P
2020-07-13,0.07671232876712329,0.0,2865.0,P,OTM,5.0,1.5881282842166588e-05,44.650000000000006,P
2020-07-13,0.07671232876712329,0.0,2870.0,P,OTM,5.0,1.5825995563518176e-05,45.6,P
2020-07-13,0.07671232876712329,0.0,2875.0,P,OTM,5.0,1.5770996489332974e-05,46.55,P
2020-07-13,0.07671232876712329,0.0,2880.0,P,OTM,5.0,1.5716283619929452e-05,47.5,P
2020-07-13,0.07671232876712329,0.0,2885.0,P,OTM,5.0,1.5661854972939317e-05,48.45,P
2020-07-13,0.07671232876712329,0.0,2890.0,P,OTM,5.0,1.5607708583127935e-05,49.5,P
2020-07-13,0.07671232876712329,0.0,2895.0,P,OTM,5.0,1.5553842502216956e-05,50.5,P
2020-07-13,0.07671232876712329,0.0,2900.0,P,OTM,5.0,1.550025479870902e-05,51.55,P
2020-07-13,0.07671232876712329,0.0,2905.0,P,OTM,5.0,1.5446943557714645e-05,52.6,P
2020-07-13,0.07671232876712329,0.0,2910.0,P,OTM,5.0,1.539390688078115e-05,53.7,P
2020-07-13,0.07671232876712329,0.0,2915.0,P,OTM,5.0,1.5341142885723616e-05,54.8,P
2020-07-13,0.07671232876712329,0.0,2920.0,P,OTM,5.0,1.5288649706457925e-05,55.95,P
2020-07-13,0.07671232876712329,0.0,2925.0,P,OTM,5.0,1.5236425492835748e-05,57.1,P
2020-07-13,0.07671232876712329,0.0,2930.0,P,OTM,5.0,1.5184468410481525e-05,58.3,P
2020-07-13,0.07671232876712329,0.0,2935.0,P,OTM,5.0,1.513277664063138e-05,59.45,P
2020-07-13,0.07671232876712329,0.0,2940.0,P,OTM,5.0,1.5081348379973951e-05,60.7,P
2020-07-13,0.07671232876712329,0.0,2945.0,P,OTM,5.0,1.503018184049312e-05,61.9,P
2020-07-13,0.07671232876712329,0.0,2950.0,P,OTM,5.0,1.4979275249312595e-05,63.2,P
2020-07-13,0.07671232876712329,0.0,2955.0,P,OTM,5.0,1.492862684854233e-05,64.5,P
2020-07-13,0.07671232876712329,0.0,2960.0,P,OTM,5.0,1.4878234895126786e-05,65.8,P
2020-07-13,0.07671232876712329,0.0,2965.0,P,OTM,5.0,1.4828097660694938e-05,67.1,P
2020-07-13,0.07671232876712329,0.0,2970.0,P,OTM,5.0,1.4778213431412082e-05,68.5,P
2020-07-13,0.07671232876712329,0.0,2975.0,P,OTM,5.0,1.4728580507833386e-05,69.9,P
2020-07-13,0.07671232876712329,0.0,2980.0,P,OTM,5.0,1.4679197204759114e-05,71.3,P
2020-07-13,0.07671232876712329,0.0,2985.0,P,OTM,5.0,1.4630061851091623e-05,72.75,P
2020-07-13,0.07671232876712329,0.0,2990.0,P,OTM,5.0,1.4581172789693947e-05,74.25,P
2020-07-13,0.07671232876712329,0.0,2995.0,P,OTM,5.0,1.4532528377250103e-05,75.75,P
2020-07-13,0.07671232876712329,0.0,3000.0,P,OTM,5.0,1.4484126984126982e-05,77.3,P
2020-07-13,0.07671232876712329,0.0,3005.0,P,OTM,5.0,1.4435966994237874e-05,78.85,P
2020-07-13,0.07671232876712329,0.0,3010.0,P,OTM,5.0,1.4388046804907545e-05,80.45,P
2020-07-13,0.07671232876712329,0.0,3015.0,P,OTM,5.0,1.4340364826738926e-05,82.15,P
2020-07-13,0.07671232876712329,0.0,3020.0,P,OTM,5.0,1.4292919483481299e-05,83.75,P
2020-07-13,0.07671232876712329,0.0,3025.0,P,OTM,5.0,1.4245709211900047e-05,85.5,P
2020-07-13,0.07671232876712329,0.0,3030.0,P,OTM,5.0,1.4198732461647862e-05,87.25,P
2020-07-13,0.07671232876712329,0.0,3035.0,P,OTM,5.0,1.4151987695137492e-05,89.0,P
2020-07-13,0.07671232876712329,0.0,3040.0,P,OTM,5.0,1.4105473387415908e-05,90.85,P
2020-07-13,0.07671232876712329,0.0,3045.0,P,OTM,5.0,1.4059188026039927e-05,92.65,P
2020-07-13,0.07671232876712329,0.0,3050.0,P,OTM,5.0,1.4013130110953274e-05,94.55,P
2020-07-13,0.07671232876712329,0.0,3055.0,P,OTM,5.0,1.3967298154365047e-05,96.45,P
2020-07-13,0.07671232876712329,0.0,3060.0,C,OTM,5.0,1.3921690680629549e-05,97.25,C
2020-07-13,0.07671232876712329,0.0,3065.0,C,OTM,5.0,1.3876306226127525e-05,94.25,C
2020-07-13,0.07671232876712329,0.0,3070.0,C,OTM,5.0,1.3831143339148729e-05,91.25,C
2020-07-13,0.07671232876712329,0.0,3075.0,C,OTM,5.0,1.3786200579775833e-05,88.35,C
2020-07-13,0.07671232876712329,0.0,3080.0,C,OTM,5.0,1.3741476519769654e-05,85.45,C
2020-07-13,0.07671232876712329,0.0,3085.0,C,OTM,5.0,1.3696969742455688e-05,82.65,C
2020-07-13,0.07671232876712329,0.0,3090.0,C,OTM,5.0,1.3652678842611918e-05,79.85,C
2020-07-13,0.07671232876712329,0.0,3095.0,C,OTM,5.0,1.3608602426357886e-05,77.15,C
2020-07-13,0.07671232876712329,0.0,3100.0,C,OTM,5.0,1.3564739111045043e-05,74.45,C
2020-07-13,0.07671232876712329,0.0,3105.0,C,OTM,5.0,1.3521087525148296e-05,71.75,C
2020-07-13,0.07671232876712329,0.0,3110.0,C,OTM,5.0,1.3477646308158811e-05,69.15,C
2020-07-13,0.07671232876712329,0.0,3115.0,C,OTM,5.0,1.3434414110477995e-05,66.65,C
2020-07-13,0.07671232876712329,0.0,3120.0,C,OTM,5.0,1.339138959331267e-05,64.15,C
2020-07-13,0.07671232876712329,0.0,3125.0,C,OTM,5.0,1.3348571428571428e-05,61.7,C
2020-07-13,0.07671232876712329,0.0,3130.0,C,OTM,5.0,1.3305958298762144e-05,59.3,C
2020-07-13,0.07671232876712329,0.0,3135.0,C,OTM,5.0,1.3263548896890623e-05,57.0,C
2020-07-13,0.07671232876712329,0.0,3140.0,C,OTM,5.0,1.3221341926360385e-05,54.7,C
2020-07-13,0.07671232876712329,0.0,3145.0,C,OTM,5.0,1.3179336100873553e-05,52.5,C
2020-07-13,0.07671232876712329,0.0,3150.0,C,OTM,5.0,1.3137530144332865e-05,50.3,C
2020-07-13,0.07671232876712329,0.0,3155.0,C,OTM,5.0,1.3095922790744734e-05,48.2,C
2020-07-13,0.07671232876712329,0.0,3160.0,C,OTM,5.0,1.3054512784123424e-05,46.2,C
2020-07-13,0.07671232876712329,0.0,3165.0,C,OTM,5.0,1.3013298878396247e-05,44.2,C
2020-07-13,0.07671232876712329,0.0,3170.0,C,OTM,5.0,1.297227983730984e-05,42.25,C
2020-07-13,0.07671232876712329,0.0,3175.0,C,OTM,5.0,1.2931454434337437e-05,40.4,C
2020-07-13,0.07671232876712329,0.0,3180.0,C,OTM,5.0,1.2890821452587205e-05,38.55,C
2020-07-13,0.07671232876712329,0.0,3185.0,C,OTM,5.0,1.2850379684711532e-05,36.8,C
2020-07-13,0.07671232876712329,0.0,3190.0,C,OTM,5.0,1.281012793281737e-05,35.1,C
2020-07-13,0.07671232876712329,0.0,3195.0,C,OTM,5.0,1.277006500837751e-05,33.45,C
2020-07-13,0.07671232876712329,0.0,3200.0,C,OTM,15.0,3.819056919642857e-05,31.849999999999998,C
2020-07-13,0.07671232876712329,0.0,3225.0,C,OTM,25.0,6.266793719470841e-05,24.8,C
2020-07-13,0.07671232876712329,0.0,3250.0,C,OTM,25.0,6.170752324598477e-05,19.15,C
2020-07-13,0.07671232876712329,0.0,3275.0,C,OTM,25.0,6.076901945441074e-05,14.6,C
2020-07-13,0.07671232876712329,0.0,3300.0,C,OTM,25.0,5.985176439721894e-05,11.1,C
2020-07-13,0.07671232876712329,0.0,3325.0,C,OTM,25.0,5.895512142332199e-05,8.45,C
2020-07-13,0.07671232876712329,0.0,3350.0,C,OTM,25.0,5.8078477548292646e-05,6.45,C
2020-07-13,0.07671232876712329,0.0,3375.0,C,OTM,25.0,5.7221242406427586e-05,4.95,C
2020-07-13,0.07671232876712329,0.0,3400.0,C,OTM,25.0,5.638284725654968e-05,3.85,C
2020-07-13,0.07671232876712329,0.0,3425.0,C,OTM,25.0,5.556274403842201e-05,3.0250000000000004,C
2020-07-13,0.07671232876712329,0.0,3450.0,C,OTM,37.5,8.214060671527589e-05,2.425,C
2020-07-13,0.07671232876712329,0.0,3500.0,C,OTM,75.0,0.00015962099125364432,1.6,C
2020-07-13,0.07671232876712329,0.0,3600.0,C,OTM,100.0,0.00020116843033509698,0.75,C
2020-07-13,0.07671232876712329,0.0,3700.0,C,OTM,100.0,0.00019044140665762285,0.375,C
2020-07-13,0.07671232876712329,0.0,3800.0,C,OTM,100.0,0.0001805500593589236,0.19999999999999998,C
2020-07-13,0.07671232876712329,0.0,3900.0,C,OTM,100.0,0.00017140978679440217,0.125,C
2020-07-13,0.07671232876712329,0.0,4000.0,C,OTM,100.0,0.00016294642857142856,0.1,C
2020-07-13,0.07671232876712329,0.0,4100.0,C,OTM,100.0,0.00015509475652247812,0.125,C
2020-07-13,0.07671232876712329,0.0,4200.0,C,OTM,100.0,0.00014779721412374472,0.1,C
2020-07-13,0.07671232876712329,0.0,4300.0,C,OTM,100.0,0.00014100285868809393,0.1,C
2020-07-13,0.07671232876712329,0.0,4400.0,C,OTM,100.0,0.00013466646989374262,0.1,C
2020-07-13,0.07671232876712329,0.0,4500.0,C,OTM,100.0,0.00012874779541446207,0.1,C
2020-07-13,0.07671232876712329,0.0,4600.0,C,OTM,100.0,0.00012321091007291385,0.1,C
2020-07-13,0.07671232876712329,0.0,3060.0,M,B,,2.0047234580104137e-06,,M
2020-07-17,0.08767123287671233,0.0,100.0,P,OTM,0.0,0.0,0.025,P
2020-07-17,0.08767123287671233,0.0,100.0,P,OTM,50.0,0.1140625,0.025,P
2020-07-17,0.08767123287671233,0.0,200.0,P,OTM,50.0,0.028515625,0.075,P
2020-07-17,0.08767123287671233,0.0,200.0,P,OTM,50.0,0.028515625,0.025,P
2020-07-17,0.08767123287671233,0.0,300.0,P,OTM,50.0,0.012673611111111111,0.1,P
2020-07-17,0.08767123287671233,0.0,300.0,P,OTM,50.0,0.012673611111111111,0.05,P
2020-07-17,0.08767123287671233,0.0,400.0,P,OTM,50.0,0.00712890625,0.05,P
2020-07-17,0.08767123287671233,0.0,400.0,P,OTM,50.0,0.00712890625,0.1,P
2020-07-17,0.08767123287671233,0.0,500.0,P,OTM,50.0,0.004562500000000001,0.1,P
2020-07-17,0.08767123287671233,0.0,500.0,P,OTM,50.0,0.004562500000000001,0.05,P
2020-07-17,0.08767123287671233,0.0,600.0,P,OTM,50.0,0.003168402777777778,0.075,P
2020-07-17,0.08767123287671233,0.0,600.0,P,OTM,50.0,0.003168402777777778,0.1,P
2020-07-17,0.08767123287671233,0.0,700.0,P,OTM,50.0,0.0023278061224489797,0.125,P
2020-07-17,0.08767123287671233,0.0,700.0,P,OTM,50.0,0.0023278061224489797,0.1,P
2020-07-17,0.08767123287671233,0.0,800.0,P,OTM,50.0,0.0017822265625,0.125,P
2020-07-17,0.08767123287671233,0.0,800.0,P,OTM,50.0,0.0017822265625,0.125,P
2020-07-17,0.08767123287671233,0.0,900.0,P,OTM,50.0,0.001408179012345679,0.125,P
2020-07-17,0.08767123287671233,0.0,900.0,P,OTM,50.0,0.001408179012345679,0.15000000000000002,P
2020-07-17,0.08767123287671233,0.0,1000.0,P,OTM,50.0,0.0011406250000000001,0.2,P
2020-07-17,0.08767123287671233,0.0,1000.0,P,OTM,50.0,0.0011406250000000001,0.175,P
2020-07-17,0.08767123287671233,0.0,1100.0,P,OTM,50.0,0.0009426652892561984,0.15,P
2020-07-17,0.08767123287671233,0.0,1100.0,P,OTM,50.0,0.0009426652892561984,0.25,P
2020-07-17,0.08767123287671233,0.0,1200.0,P,OTM,50.0,0.0007921006944444444,0.25,P
2020-07-17,0.08767123287671233,0.0,1200.0,P,OTM,12.5,0.0001980251736111111,0.325,P
2020-07-17,0.08767123287671233,0.0,1225.0,P,OTM,12.5,0.0001900249895876718,0.35,P
2020-07-17,0.08767123287671233,0.0,1225.0,P,OTM,12.5,0.0001900249895876718,0.3,P
2020-07-17,0.08767123287671233,0.0,1250.0,P,OTM,12.5,0.0001825,0.375,P
2020-07-17,0.08767123287671233,0.0,1250.0,P,OTM,12.5,0.0001825,0.375,P
2020-07-17,0.08767123287671233,0.0,1275.0,P,OTM,12.5,0.00017541330257593235,0.425,P
2020-07-17,0.08767123287671233,0.0,1275.0,P,OTM,12.5,0.00017541330257593235,0.375,P
2020-07-17,0.08767123287671233,0.0,1300.0,P,OTM,12.5,0.00016873150887573965,0.425,P
2020-07-17,0.08767123287671233,0.0,1300.0,P,OTM,12.5,0.00016873150887573965,0.4,P
2020-07-17,0.08767123287671233,0.0,1325.0,P,OTM,12.5,0.0001624243503025988,0.45,P
2020-07-17,0.08767123287671233,0.0,1325.0,P,OTM,12.5,0.0001624243503025988,0.4,P
2020-07-17,0.08767123287671233,0.0,1350.0,P,OTM,12.5,0.00015646433470507543,0.47500000000000003,P
2020-07-17,0.08767123287671233,0.0,1350.0,P,OTM,12.5,0.00015646433470507543,0.44999999999999996,P
2020-07-17,0.08767123287671233,0.0,1375.0,P,OTM,12.5,0.00015082644628099172,0.44999999999999996,P
2020-07-17,0.08767123287671233,0.0,1375.0,P,OTM,12.5,0.00015082644628099172,0.5,P
2020-07-17,0.08767123287671233,0.0,1400.0,P,OTM,12.5,0.00014548788265306123,0.5,P
2020-07-17,0.08767123287671233,0.0,1400.0,P,OTM,12.5,0.00014548788265306123,0.525,P
2020-07-17,0.08767123287671233,0.0,1425.0,P,OTM,12.5,0.0001404278239458295,0.575,P
2020-07-17,0.08767123287671233,0.0,1425.0,P,OTM,12.5,0.0001404278239458295,0.5249999999999999,P
2020-07-17,0.08767123287671233,0.0,1450.0,P,OTM,12.5,0.00013562722948870393,0.575,P
2020-07-17,0.08767123287671233,0.0,1450.0,P,OTM,12.5,0.00013562722948870393,0.625,P
2020-07-17,0.08767123287671233,0.0,1475.0,P,OTM,12.5,0.0001310686584314852,0.6,P
2020-07-17,0.08767123287671233,0.0,1475.0,P,OTM,12.5,0.0001310686584314852,0.6499999999999999,P
2020-07-17,0.08767123287671233,0.0,1500.0,P,OTM,12.5,0.00012673611111111113,0.7,P
2020-07-17,0.08767123287671233,0.0,1500.0,P,OTM,12.5,0.00012673611111111113,0.65,P
2020-07-17,0.08767123287671233,0.0,1525.0,P,OTM,12.5,0.00012261488847084117,0.75,P
2020-07-17,0.08767123287671233,0.0,1525.0,P,OTM,12.5,0.00012261488847084117,0.675,P
2020-07-17,0.08767123287671233,0.0,1550.0,P,OTM,12.5,0.00011869146722164412,0.7250000000000001,P
2020-07-17,0.08767123287671233,0.0,1550.0,P,OTM,12.5,0.00011869146722164412,0.8,P
2020-07-17,0.08767123287671233,0.0,1575.0,P,OTM,12.5,0.00011495338876291258,0.8500000000000001,P
2020-07-17,0.08767123287671233,0.0,1575.0,P,OTM,12.5,0.00011495338876291258,0.7749999999999999,P
2020-07-17,0.08767123287671233,0.0,1600.0,P,OTM,12.5,0.00011138916015625,0.825,P
2020-07-17,0.08767123287671233,0.0,1600.0,P,OTM,12.5,0.00011138916015625,0.8999999999999999,P
2020-07-17,0.08767123287671233,0.0,1625.0,P,OTM,12.5,0.00010798816568047337,0.9750000000000001,P
2020-07-17,0.08767123287671233,0.0,1625.0,P,OTM,12.5,0.00010798816568047337,0.875,P
2020-07-17,0.08767123287671233,0.0,1650.0,P,OTM,12.5,0.00010474058769513315,0.925,P
2020-07-17,0.08767123287671233,0.0,1650.0,P,OTM,12.5,0.00010474058769513315,1.025,P
2020-07-17,0.08767123287671233,0.0,1675.0,P,OTM,12.5,0.00010163733570951214,1.075,P
2020-07-17,0.08767123287671233,0.0,1675.0,P,OTM,2.5,2.0327467141902428e-05,1.0,P
2020-07-17,0.08767123287671233,0.0,1680.0,P,OTM,2.5,2.0206650368480725e-05,1.025,P
2020-07-17,0.08767123287671233,0.0,1680.0,P,OTM,5.0,4.041330073696145e-05,1.125,P
2020-07-17,0.08767123287671233,0.0,1690.0,P,OTM,5.0,3.993645180490879e-05,1.125,P
2020-07-17,0.08767123287671233,0.0,1690.0,P,OTM,5.0,3.993645180490879e-05,1.025,P
2020-07-17,0.08767123287671233,0.0,1700.0,P,OTM,5.0,3.946799307958477e-05,1.1,P
2020-07-17,0.08767123287671233,0.0,1700.0,P,OTM,5.0,3.946799307958477e-05,1.175,P
2020-07-17,0.08767123287671233,0.0,1710.0,P,OTM,5.0,3.9007728873841526e-05,1.2,P
2020-07-17,0.08767123287671233,0.0,1710.0,P,OTM,5.0,3.9007728873841526e-05,1.125,P
2020-07-17,0.08767123287671233,0.0,1720.0,P,OTM,5.0,3.8555469172525686e-05,1.15,P
2020-07-17,0.08767123287671233,0.0,1720.0,P,OTM,2.5,1.9277734586262843e-05,1.225,P
2020-07-17,0.08767123287671233,0.0,1725.0,P,OTM,2.5,1.916614156689771e-05,1.25,P
2020-07-17,0.08767123287671233,0.0,1725.0,P,OTM,2.5,1.916614156689771e-05,1.15,P
2020-07-17,0.08767123287671233,0.0,1730.0,P,OTM,2.5,1.9055514718166326e-05,1.275,P
2020-07-17,0.08767123287671233,0.0,1730.0,P,OTM,5.0,3.811102943633265e-05,1.2,P
2020-07-17,0.08767123287671233,0.0,1740.0,P,OTM,5.0,3.7674230413528866e-05,1.2,P
2020-07-17,0.08767123287671233,0.0,1740.0,P,OTM,5.0,3.7674230413528866e-05,1.275,P
2020-07-17,0.08767123287671233,0.0,1750.0,P,OTM,5.0,3.724489795918367e-05,1.325,P
2020-07-17,0.08767123287671233,0.0,1750.0,P,OTM,5.0,3.724489795918367e-05,1.25,P
2020-07-17,0.08767123287671233,0.0,1760.0,P,OTM,5.0,3.682286286157025e-05,1.3,P
2020-07-17,0.08767123287671233,0.0,1760.0,P,OTM,5.0,3.682286286157025e-05,1.375,P
2020-07-17,0.08767123287671233,0.0,1770.0,P,OTM,5.0,3.640796067541256e-05,1.4,P
2020-07-17,0.08767123287671233,0.0,1770.0,P,OTM,2.5,1.820398033770628e-05,1.3250000000000002,P
2020-07-17,0.08767123287671233,0.0,1775.0,P,OTM,2.5,1.8101567149375124e-05,1.425,P
2020-07-17,0.08767123287671233,0.0,1775.0,P,OTM,2.5,1.8101567149375124e-05,1.35,P
2020-07-17,0.08767123287671233,0.0,1780.0,P,OTM,2.5,1.8000015780835752e-05,1.35,P
2020-07-17,0.08767123287671233,0.0,1780.0,P,OTM,5.0,3.6000031561671504e-05,1.425,P
2020-07-17,0.08767123287671233,0.0,1790.0,P,OTM,5.0,3.5598920133578855e-05,1.475,P
2020-07-17,0.08767123287671233,0.0,1790.0,P,OTM,5.0,3.5598920133578855e-05,1.4,P
2020-07-17,0.08767123287671233,0.0,1800.0,P,OTM,5.0,3.520447530864197e-05,1.4249999999999998,P
2020-07-17,0.08767123287671233,0.0,1800.0,P,OTM,5.0,3.520447530864197e-05,1.525,P
2020-07-17,0.08767123287671233,0.0,1810.0,P,OTM,5.0,3.481655016635634e-05,1.475,P
2020-07-17,0.08767123287671233,0.0,1810.0,P,OTM,5.0,3.481655016635634e-05,1.575,P
2020-07-17,0.08767123287671233,0.0,1820.0,P,OTM,5.0,3.443500181137544e-05,1.575,P
2020-07-17,0.08767123287671233,0.0,1820.0,P,OTM,2.5,1.721750090568772e-05,1.525,P
2020-07-17,0.08767123287671233,0.0,1825.0,P,OTM,2.5,1.7123287671232875e-05,1.55,P
2020-07-17,0.08767123287671233,0.0,1825.0,P,OTM,2.5,1.7123287671232875e-05,1.625,P
2020-07-17,0.08767123287671233,0.0,1830.0,P,OTM,2.5,1.702984562095016e-05,1.625,P
2020-07-17,0.08767123287671233,0.0,1830.0,P,OTM,5.0,3.405969124190032e-05,1.5750000000000002,P
2020-07-17,0.08767123287671233,0.0,1840.0,P,OTM,5.0,3.3690483223062385e-05,1.625,P
2020-07-17,0.08767123287671233,0.0,1840.0,P,OTM,5.0,3.3690483223062385e-05,1.675,P
2020-07-17,0.08767123287671233,0.0,1850.0,P,OTM,5.0,3.3327246165084e-05,1.725,P
2020-07-17,0.08767123287671233,0.0,1850.0,P,OTM,5.0,3.3327246165084e-05,1.6749999999999998,P
2020-07-17,0.08767123287671233,0.0,1860.0,P,OTM,5.0,3.296985200601225e-05,1.725,P
2020-07-17,0.08767123287671233,0.0,1860.0,P,OTM,5.0,3.296985200601225e-05,1.775,P
2020-07-17,0.08767123287671233,0.0,1870.0,P,OTM,5.0,3.2618176098830395e-05,1.825,P
2020-07-17,0.08767123287671233,0.0,1870.0,P,OTM,2.5,1.6309088049415197e-05,1.775,P
2020-07-17,0.08767123287671233,0.0,1875.0,P,OTM,2.5,1.6222222222222223e-05,1.775,P
2020-07-17,0.08767123287671233,0.0,1875.0,P,OTM,2.5,1.6222222222222223e-05,1.85,P
2020-07-17,0.08767123287671233,0.0,1880.0,P,OTM,2.5,1.6136048551380716e-05,1.875,P
2020-07-17,0.08767123287671233,0.0,1880.0,P,OTM,5.0,3.227209710276143e-05,1.825,P
2020-07-17,0.08767123287671233,0.0,1890.0,P,OTM,5.0,3.193149687858683e-05,1.875,P
2020-07-17,0.08767123287671233,0.0,1890.0,P,OTM,5.0,3.193149687858683e-05,1.925,P
2020-07-17,0.08767123287671233,0.0,1900.0,P,OTM,5.0,3.1596260387811634e-05,1.9749999999999999,P
2020-07-17,0.08767123287671233,0.0,1900.0,P,OTM,5.0,3.1596260387811634e-05,1.9249999999999998,P
2020-07-17,0.08767123287671233,0.0,1910.0,P,OTM,5.0,3.126627559551547e-05,1.975,P
2020-07-17,0.08767123287671233,0.0,1910.0,P,OTM,5.0,3.126627559551547e-05,2.025,P
2020-07-17,0.08767123287671233,0.0,1920.0,P,OTM,5.0,3.094143337673611e-05,2.075,P
2020-07-17,0.08767123287671233,0.0,1920.0,P,OTM,2.5,1.5470716688368055e-05,2.025,P
2020-07-17,0.08767123287671233,0.0,1925.0,P,OTM,2.5,1.5390453702142015e-05,2.05,P
2020-07-17,0.08767123287671233,0.0,1925.0,P,OTM,2.5,1.5390453702142015e-05,2.125,P
2020-07-17,0.08767123287671233,0.0,1930.0,P,OTM,2.5,1.5310813713119815e-05,2.1500000000000004,P
2020-07-17,0.08767123287671233,0.0,1930.0,P,OTM,5.0,3.062162742623963e-05,2.075,P
2020-07-17,0.08767123287671233,0.0,1940.0,P,OTM,5.0,3.030675417153789e-05,2.175,P
2020-07-17,0.08767123287671233,0.0,1940.0,P,OTM,5.0,3.030675417153789e-05,2.2249999999999996,P
2020-07-17,0.08767123287671233,0.0,1950.0,P,OTM,5.0,2.999671268902038e-05,2.2750000000000004,P
2020-07-17,0.08767123287671233,0.0,1950.0,P,OTM,5.0,2.999671268902038e-05,2.225,P
2020-07-17,0.08767123287671233,0.0,1960.0,P,OTM,5.0,2.969140462307372e-05,2.325,P
2020-07-17,0.08767123287671233,0.0,1960.0,P,OTM,5.0,2.969140462307372e-05,2.275,P
2020-07-17,0.08767123287671233,0.0,1970.0,P,OTM,5.0,2.9390734108067715e-05,2.325,P
2020-07-17,0.08767123287671233,0.0,1970.0,P,OTM,2.5,1.4695367054033858e-05,2.4,P
2020-07-17,0.08767123287671233,0.0,1975.0,P,OTM,2.5,1.4621054318218234e-05,2.425,P
2020-07-17,0.08767123287671233,0.0,1975.0,P,OTM,2.5,1.4621054318218234e-05,2.375,P
2020-07-17,0.08767123287671233,0.0,1980.0,P,OTM,2.5,1.454730384654627e-05,2.425,P
2020-07-17,0.08767123287671233,0.0,1980.0,P,OTM,5.0,2.909460769309254e-05,2.4749999999999996,P
2020-07-17,0.08767123287671233,0.0,1990.0,P,OTM,5.0,2.8802934269336634e-05,2.5,P
2020-07-17,0.08767123287671233,0.0,1990.0,P,OTM,5.0,2.8802934269336634e-05,2.5250000000000004,P
2020-07-17,0.08767123287671233,0.0,2000.0,P,OTM,5.0,2.8515625000000004e-05,2.625,P
2020-07-17,0.08767123287671233,0.0,2000.0,P,OTM,5.0,2.8515625000000004e-05,2.5999999999999996,P
2020-07-17,0.08767123287671233,0.0,2010.0,P,OTM,5.0,2.8232593252642263e-05,2.6500000000000004,P
2020-07-17,0.08767123287671233,0.0,2010.0,P,OTM,5.0,2.8232593252642263e-05,2.675,P
2020-07-17,0.08767123287671233,0.0,2020.0,P,OTM,5.0,2.7953754533869228e-05,2.7750000000000004,P
2020-07-17,0.08767123287671233,0.0,2020.0,P,OTM,2.5,1.3976877266934614e-05,2.725,P
2020-07-17,0.08767123287671233,0.0,2025.0,P,OTM,2.5,1.3907940862673374e-05,2.775,P
2020-07-17,0.08767123287671233,0.0,2025.0,P,OTM,2.5,1.3907940862673374e-05,2.8,P
2020-07-17,0.08767123287671233,0.0,2030.0,P,OTM,2.5,1.3839513213133053e-05,2.825,P
2020-07-17,0.08767123287671233,0.0,2030.0,P,OTM,5.0,2.7679026426266107e-05,2.85,P
2020-07-17,0.08767123287671233,0.0,2040.0,P,OTM,5.0,2.740832852748943e-05,2.875,P
2020-07-17,0.08767123287671233,0.0,2040.0,P,OTM,5.0,2.740832852748943e-05,2.925,P
2020-07-17,0.08767123287671233,0.0,2050.0,P,OTM,5.0,2.714158239143367e-05,3.0,P
2020-07-17,0.08767123287671233,0.0,2050.0,P,OTM,5.0,2.714158239143367e-05,2.975,P
2020-07-17,0.08767123287671233,0.0,2060.0,P,OTM,5.0,2.6878711471392213e-05,3.075,P
2020-07-17,0.08767123287671233,0.0,2060.0,P,OTM,5.0,2.6878711471392213e-05,3.1,P
2020-07-17,0.08767123287671233,0.0,2070.0,P,OTM,5.0,2.661964106513571e-05,3.2,P
2020-07-17,0.08767123287671233,0.0,2070.0,P,OTM,2.5,1.3309820532567855e-05,3.175,P
2020-07-17,0.08767123287671233,0.0,2075.0,P,OTM,2.5,1.3245754100740312e-05,3.2,P
2020-07-17,0.08767123287671233,0.0,2075.0,P,OTM,2.5,1.3245754100740312e-05,3.2,P
2020-07-17,0.08767123287671233,0.0,2080.0,P,OTM,2.5,1.318214913091716e-05,3.3,P
2020-07-17,0.08767123287671233,0.0,2080.0,P,OTM,5.0,2.636429826183432e-05,3.25,P
2020-07-17,0.08767123287671233,0.0,2090.0,P,OTM,5.0,2.6112611890753418e-05,3.35,P
2020-07-17,0.08767123287671233,0.0,2090.0,P,OTM,5.0,2.6112611890753418e-05,3.4,P
2020-07-17,0.08767123287671233,0.0,2100.0,P,OTM,5.0,2.5864512471655327e-05,3.5,P
2020-07-17,0.08767123287671233,0.0,2100.0,P,OTM,5.0,2.5864512471655327e-05,3.45,P
2020-07-17,0.08767123287671233,0.0,2110.0,P,OTM,5.0,2.5619932166842613e-05,3.5,P
2020-07-17,0.08767123287671233,0.0,2110.0,P,OTM,5.0,2.5619932166842613e-05,3.6,P
2020-07-17,0.08767123287671233,0.0,2120.0,P,OTM,5.0,2.537880473478106e-05,3.7,P
2020-07-17,0.08767123287671233,0.0,2120.0,P,OTM,2.5,1.268940236739053e-05,3.5999999999999996,P
2020-07-17,0.08767123287671233,0.0,2125.0,P,OTM,2.5,1.262975778546713e-05,3.65,P
2020-07-17,0.08767123287671233,0.0,2125.0,P,OTM,2.5,1.262975778546713e-05,3.7,P
2020-07-17,0.08767123287671233,0.0,2130.0,P,OTM,2.5,1.2570532742621615e-05,3.7,P
2020-07-17,0.08767123287671233,0.0,2130.0,P,OTM,5.0,2.514106548524323e-05,3.8,P
2020-07-17,0.08767123287671233,0.0,2140.0,P,OTM,5.0,2.4906651235915802e-05,3.9,P
2020-07-17,0.08767123287671233,0.0,2140.0,P,OTM,5.0,2.4906651235915802e-05,3.8,P
2020-07-17,0.08767123287671233,0.0,2150.0,P,OTM,5.0,2.4675500270416442e-05,4.0,P
2020-07-17,0.08767123287671233,0.0,2150.0,P,OTM,5.0,2.4675500270416442e-05,3.9000000000000004,P
2020-07-17,0.08767123287671233,0.0,2160.0,P,OTM,5.0,2.444755229766804e-05,4.15,P
2020-07-17,0.08767123287671233,0.0,2160.0,P,OTM,5.0,2.444755229766804e-05,4.050000000000001,P
2020-07-17,0.08767123287671233,0.0,2170.0,P,OTM,5.0,2.422274841258043e-05,4.2,P
2020-07-17,0.08767123287671233,0.0,2170.0,P,OTM,2.5,1.2111374206290215e-05,4.25,P
2020-07-17,0.08767123287671233,0.0,2175.0,P,OTM,2.5,1.2055753732329237e-05,4.300000000000001,P
2020-07-17,0.08767123287671233,0.0,2175.0,P,OTM,2.5,1.2055753732329237e-05,4.25,P
2020-07-17,0.08767123287671233,0.0,2180.0,P,OTM,2.5,1.2000515528995876e-05,4.4,P
2020-07-17,0.08767123287671233,0.0,2180.0,P,OTM,5.0,2.4001031057991752e-05,4.3,P
2020-07-17,0.08767123287671233,0.0,2190.0,P,OTM,5.0,2.378234398782344e-05,4.449999999999999,P
2020-07-17,0.08767123287671233,0.0,2190.0,P,OTM,5.0,2.378234398782344e-05,4.550000000000001,P
2020-07-17,0.08767123287671233,0.0,2200.0,P,OTM,5.0,2.356663223140496e-05,4.6,P
2020-07-17,0.08767123287671233,0.0,2200.0,P,OTM,5.0,2.356663223140496e-05,4.699999999999999,P
2020-07-17,0.08767123287671233,0.0,2210.0,P,OTM,5.0,2.33538420589259e-05,4.7,P
2020-07-17,0.08767123287671233,0.0,2210.0,P,OTM,5.0,2.33538420589259e-05,4.800000000000001,P
2020-07-17,0.08767123287671233,0.0,2220.0,P,OTM,5.0,2.3143920947975e-05,5.0,P
2020-07-17,0.08767123287671233,0.0,2220.0,P,OTM,2.5,1.15719604739875e-05,4.85,P
2020-07-17,0.08767123287671233,0.0,2225.0,P,OTM,2.5,1.1520010099734883e-05,5.0,P
2020-07-17,0.08767123287671233,0.0,2225.0,P,OTM,2.5,1.1520010099734883e-05,5.050000000000001,P
2020-07-17,0.08767123287671233,0.0,2230.0,P,OTM,2.5,1.1468408775563555e-05,5.15,P
2020-07-17,0.08767123287671233,0.0,2230.0,P,OTM,5.0,2.293681755112711e-05,5.05,P
2020-07-17,0.08767123287671233,0.0,2240.0,P,OTM,5.0,2.2732481664540818e-05,5.2,P
2020-07-17,0.08767123287671233,0.0,2240.0,P,OTM,5.0,2.2732481664540818e-05,5.300000000000001,P
2020-07-17,0.08767123287671233,0.0,2250.0,P,OTM,5.0,2.2530864197530865e-05,5.45,P
2020-07-17,0.08767123287671233,0.0,2250.0,P,OTM,5.0,2.2530864197530865e-05,5.449999999999999,P
2020-07-17,0.08767123287671233,0.0,2260.0,P,OTM,5.0,2.23319171430809e-05,5.55,P
2020-07-17,0.08767123287671233,0.0,2260.0,P,OTM,5.0,2.23319171430809e-05,5.65,P
2020-07-17,0.08767123287671233,0.0,2270.0,P,OTM,5.0,2.2135593549263522e-05,5.75,P
2020-07-17,0.08767123287671233,0.0,2270.0,P,OTM,2.5,1.1067796774631761e-05,5.85,P
2020-07-17,0.08767123287671233,0.0,2275.0,P,OTM,2.5,1.101920057964014e-05,5.9,P
2020-07-17,0.08767123287671233,0.0,2275.0,P,OTM,2.5,1.101920057964014e-05,5.85,P
2020-07-17,0.08767123287671233,0.0,2280.0,P,OTM,2.5,1.0970923745767929e-05,5.95,P
2020-07-17,0.08767123287671233,0.0,2280.0,P,OTM,5.0,2.1941847491535858e-05,6.0,P
2020-07-17,0.08767123287671233,0.0,2290.0,P,OTM,5.0,2.1750634045880134e-05,6.199999999999999,P
2020-07-17,0.08767123287671233,0.0,2290.0,P,OTM,2.5,1.0875317022940067e-05,6.15,P
2020-07-17,0.08767123287671233,0.0,2295.0,P,OTM,2.5,1.082798164048965e-05,6.25,P
2020-07-17,0.08767123287671233,0.0,2295.0,P,OTM,2.5,1.082798164048965e-05,6.35,P
2020-07-17,0.08767123287671233,0.0,2300.0,P,OTM,2.5,1.0780954631379963e-05,6.449999999999999,P
2020-07-17,0.08767123287671233,0.0,2300.0,P,OTM,2.5,1.0780954631379963e-05,6.35,P
2020-07-17,0.08767123287671233,0.0,2305.0,P,OTM,2.5,1.0734233322824568e-05,6.45,P
2020-07-17,0.08767123287671233,0.0,2305.0,P,OTM,2.5,1.0734233322824568e-05,6.550000000000001,P
2020-07-17,0.08767123287671233,0.0,2310.0,P,OTM,2.5,1.0687815070931954e-05,6.65,P
2020-07-17,0.08767123287671233,0.0,2310.0,P,OTM,2.5,1.0687815070931954e-05,6.55,P
2020-07-17,0.08767123287671233,0.0,2315.0,P,OTM,2.5,1.0641697260331485e-05,6.65,P
2020-07-17,0.08767123287671233,0.0,2315.0,P,OTM,2.5,1.0641697260331485e-05,6.800000000000001,P
2020-07-17,0.08767123287671233,0.0,2320.0,P,OTM,2.5,1.0595877303804994e-05,6.9,P
2020-07-17,0.08767123287671233,0.0,2320.0,P,OTM,2.5,1.0595877303804994e-05,6.8,P
2020-07-17,0.08767123287671233,0.0,2325.0,P,OTM,2.5,1.0550352641923921e-05,6.9,P
2020-07-17,0.08767123287671233,0.0,2325.0,P,OTM,2.5,1.0550352641923921e-05,7.0,P
2020-07-17,0.08767123287671233,0.0,2330.0,P,OTM,2.5,1.050512074269189e-05,7.15,P
2020-07-17,0.08767123287671233,0.0,2330.0,P,OTM,2.5,1.050512074269189e-05,7.0,P
2020-07-17,0.08767123287671233,0.0,2335.0,P,OTM,2.5,1.0460179101192632e-05,7.050000000000001,P
2020-07-17,0.08767123287671233,0.0,2335.0,P,OTM,2.5,1.0460179101192632e-05,7.25,P
2020-07-17,0.08767123287671233,0.0,2340.0,P,OTM,2.5,1.0415525239243188e-05,7.4,P
2020-07-17,0.08767123287671233,0.0,2340.0,P,OTM,2.5,1.0415525239243188e-05,7.2,P
2020-07-17,0.08767123287671233,0.0,2345.0,P,OTM,2.5,1.037115670505226e-05,7.35,P
2020-07-17,0.08767123287671233,0.0,2345.0,P,OTM,2.5,1.037115670505226e-05,7.5,P
2020-07-17,0.08767123287671233,0.0,2350.0,P,OTM,2.5,1.0327071072883657e-05,7.65,P
2020-07-17,0.08767123287671233,0.0,2350.0,P,OTM,2.5,1.0327071072883657e-05,7.4,P
2020-07-17,0.08767123287671233,0.0,2355.0,P,OTM,2.5,1.0283265942724744e-05,7.550000000000001,P
2020-07-17,0.08767123287671233,0.0,2355.0,P,OTM,2.5,1.0283265942724744e-05,7.75,P
2020-07-17,0.08767123287671233,0.0,2360.0,P,OTM,2.5,1.0239738939959782e-05,7.9,P
2020-07-17,0.08767123287671233,0.0,2360.0,P,OTM,2.5,1.0239738939959782e-05,7.7,P
2020-07-17,0.08767123287671233,0.0,2365.0,P,OTM,2.5,1.0196487715048115e-05,9.15,P
2020-07-17,0.08767123287671233,0.0,2365.0,P,OTM,2.5,1.0196487715048115e-05,8.05,P
2020-07-17,0.08767123287671233,0.0,2370.0,P,OTM,2.5,1.0153509943207108e-05,8.2,P
2020-07-17,0.08767123287671233,0.0,2370.0,P,OTM,2.5,1.0153509943207108e-05,7.95,P
2020-07-17,0.08767123287671233,0.0,2375.0,P,OTM,2.5,1.0110803324099723e-05,8.15,P
2020-07-17,0.08767123287671233,0.0,2375.0,P,OTM,2.5,1.0110803324099723e-05,8.35,P
2020-07-17,0.08767123287671233,0.0,2380.0,P,OTM,2.5,1.0068365581526729e-05,8.45,P
2020-07-17,0.08767123287671233,0.0,2380.0,P,OTM,2.5,1.0068365581526729e-05,8.25,P
2020-07-17,0.08767123287671233,0.0,2385.0,P,OTM,2.5,1.0026194463123383e-05,8.4,P
2020-07-17,0.08767123287671233,0.0,2385.0,P,OTM,2.5,1.0026194463123383e-05,8.6,P
2020-07-17,0.08767123287671233,0.0,2390.0,P,OTM,2.5,9.984287740060573e-06,8.75,P
2020-07-17,0.08767123287671233,0.0,2390.0,P,OTM,2.5,9.984287740060573e-06,8.55,P
2020-07-17,0.08767123287671233,0.0,2395.0,P,OTM,2.5,9.942643206750318e-06,8.65,P
2020-07-17,0.08767123287671233,0.0,2395.0,P,OTM,2.5,9.942643206750318e-06,8.95,P
2020-07-17,0.08767123287671233,0.0,2400.0,P,OTM,2.5,9.901258680555557e-06,9.1,P
2020-07-17,0.08767123287671233,0.0,2400.0,P,OTM,2.5,9.901258680555557e-06,8.85,P
2020-07-17,0.08767123287671233,0.0,2405.0,P,OTM,2.5,9.860132001504142e-06,9.05,P
2020-07-17,0.08767123287671233,0.0,2405.0,P,OTM,2.5,9.860132001504142e-06,9.25,P
2020-07-17,0.08767123287671233,0.0,2410.0,P,OTM,2.5,9.819261032007025e-06,9.45,P
2020-07-17,0.08767123287671233,0.0,2410.0,P,OTM,2.5,9.819261032007025e-06,9.15,P
2020-07-17,0.08767123287671233,0.0,2415.0,P,OTM,2.5,9.778643656580465e-06,9.35,P
2020-07-17,0.08767123287671233,0.0,2415.0,P,OTM,2.5,9.778643656580465e-06,9.6,P
2020-07-17,0.08767123287671233,0.0,2420.0,P,OTM,2.5,9.738277781572298e-06,9.75,P
2020-07-17,0.08767123287671233,0.0,2420.0,P,OTM,2.5,9.738277781572298e-06,9.5,P
2020-07-17,0.08767123287671233,0.0,2425.0,P,OTM,2.5,9.698161334892124e-06,9.65,P
2020-07-17,0.08767123287671233,0.0,2425.0,P,OTM,2.5,9.698161334892124e-06,9.95,P
2020-07-17,0.08767123287671233,0.0,2430.0,P,OTM,2.5,9.658292265745398e-06,9.899999999999999,P
2020-07-17,0.08767123287671233,0.0,2430.0,P,OTM,2.5,9.658292265745398e-06,10.15,P
2020-07-17,0.08767123287671233,0.0,2435.0,P,OTM,2.5,9.618668544371313e-06,10.3,P
2020-07-17,0.08767123287671233,0.0,2435.0,P,OTM,2.5,9.618668544371313e-06,10.05,P
2020-07-17,0.08767123287671233,0.0,2440.0,P,OTM,2.5,9.579288161784467e-06,10.2,P
2020-07-17,0.08767123287671233,0.0,2440.0,P,OTM,2.5,9.579288161784467e-06,10.55,P
2020-07-17,0.08767123287671233,0.0,2445.0,P,OTM,2.5,9.540149129520202e-06,10.7,P
2020-07-17,0.08767123287671233,0.0,2445.0,P,OTM,2.5,9.540149129520202e-06,10.4,P
2020-07-17,0.08767123287671233,0.0,2450.0,P,OTM,2.5,9.501249479383591e-06,10.6,P
2020-07-17,0.08767123287671233,0.0,2450.0,P,OTM,2.5,9.501249479383591e-06,10.9,P
2020-07-17,0.08767123287671233,0.0,2455.0,P,OTM,2.5,9.462587263201994e-06,11.15,P
2020-07-17,0.08767123287671233,0.0,2455.0,P,OTM,2.5,9.462587263201994e-06,10.8,P
2020-07-17,0.08767123287671233,0.0,2460.0,P,OTM,2.5,9.424160552581136e-06,11.0,P
2020-07-17,0.08767123287671233,0.0,2460.0,P,OTM,2.5,9.424160552581136e-06,11.35,P
2020-07-17,0.08767123287671233,0.0,2465.0,P,OTM,2.5,9.38596743866463e-06,11.55,P
2020-07-17,0.08767123287671233,0.0,2465.0,P,OTM,2.5,9.38596743866463e-06,11.2,P
2020-07-17,0.08767123287671233,0.0,2470.0,P,OTM,2.5,9.348006031896934e-06,11.4,P
2020-07-17,0.08767123287671233,0.0,2470.0,P,OTM,2.5,9.348006031896934e-06,11.75,P
2020-07-17,0.08767123287671233,0.0,2475.0,P,OTM,2.5,9.310274461789613e-06,11.95,P
2020-07-17,0.08767123287671233,0.0,2475.0,P,OTM,2.5,9.310274461789613e-06,11.7,P
2020-07-17,0.08767123287671233,0.0,2480.0,P,OTM,2.5,9.272770876690947e-06,13.5,P
2020-07-17,0.08767123287671233,0.0,2480.0,P,OTM,2.5,9.272770876690947e-06,12.25,P
2020-07-17,0.08767123287671233,0.0,2485.0,P,OTM,2.5,9.235493443558736e-06,12.45,P
2020-07-17,0.08767123287671233,0.0,2485.0,P,OTM,2.5,9.235493443558736e-06,12.1,P
2020-07-17,0.08767123287671233,0.0,2490.0,P,OTM,2.5,9.198440347736328e-06,12.3,P
2020-07-17,0.08767123287671233,0.0,2490.0,P,OTM,2.5,9.198440347736328e-06,12.65,P
2020-07-17,0.08767123287671233,0.0,2495.0,P,OTM,2.5,9.161609792731756e-06,12.95,P
2020-07-17,0.08767123287671233,0.0,2495.0,P,OTM,2.5,9.161609792731756e-06,12.5,P
2020-07-17,0.08767123287671233,0.0,2500.0,P,OTM,2.5,9.125e-06,12.75,P
2020-07-17,0.08767123287671233,0.0,2500.0,P,OTM,2.5,9.125e-06,13.15,P
2020-07-17,0.08767123287671233,0.0,2505.0,P,OTM,2.5,9.088609208728252e-06,13.45,P
2020-07-17,0.08767123287671233,0.0,2505.0,P,OTM,2.5,9.088609208728252e-06,13.0,P
2020-07-17,0.08767123287671233,0.0,2510.0,P,OTM,2.5,9.052435675624196e-06,13.25,P
2020-07-17,0.08767123287671233,0.0,2510.0,P,OTM,2.5,9.052435675624196e-06,13.75,P
2020-07-17,0.08767123287671233,0.0,2515.0,P,OTM,2.5,9.016477674707224e-06,13.95,P
2020-07-17,0.08767123287671233,0.0,2515.0,P,OTM,2.5,9.016477674707224e-06,15.55,P
2020-07-17,0.08767123287671233,0.0,2520.0,P,OTM,2.5,8.980733497102544e-06,13.75,P
2020-07-17,0.08767123287671233,0.0,2520.0,P,OTM,2.5,8.980733497102544e-06,14.25,P
2020-07-17,0.08767123287671233,0.0,2525.0,P,OTM,2.5,8.945201450838153e-06,14.55,P
2020-07-17,0.08767123287671233,0.0,2525.0,P,OTM,2.5,8.945201450838153e-06,16.0,P
2020-07-17,0.08767123287671233,0.0,2530.0,P,OTM,2.5,8.909879860644597e-06,16.4,P
2020-07-17,0.08767123287671233,0.0,2530.0,P,OTM,2.5,8.909879860644597e-06,14.75,P
2020-07-17,0.08767123287671233,0.0,2535.0,P,OTM,2.5,8.87476706775751e-06,16.7,P
2020-07-17,0.08767123287671233,0.0,2535.0,P,OTM,2.5,8.87476706775751e-06,15.05,P
2020-07-17,0.08767123287671233,0.0,2540.0,P,OTM,2.5,8.83986142972286e-06,15.35,P
2020-07-17,0.08767123287671233,0.0,2540.0,P,OTM,2.5,8.83986142972286e-06,14.850000000000001,P
2020-07-17,0.08767123287671233,0.0,2545.0,P,OTM,2.5,8.805161320204878e-06,15.65,P
2020-07-17,0.08767123287671233,0.0,2545.0,P,OTM,2.5,8.805161320204878e-06,15.149999999999999,P
2020-07-17,0.08767123287671233,0.0,2550.0,P,OTM,2.5,8.770665128796618e-06,15.950000000000001,P
2020-07-17,0.08767123287671233,0.0,2550.0,P,OTM,2.5,8.770665128796618e-06,15.45,P
2020-07-17,0.08767123287671233,0.0,2555.0,P,OTM,2.5,8.7363712608331e-06,17.950000000000003,P
2020-07-17,0.08767123287671233,0.0,2555.0,P,OTM,2.5,8.7363712608331e-06,16.25,P
2020-07-17,0.08767123287671233,0.0,2560.0,P,OTM,2.5,8.702278137207031e-06,16.6,P
2020-07-17,0.08767123287671233,0.0,2560.0,P,OTM,2.5,8.702278137207031e-06,18.3,P
2020-07-17,0.08767123287671233,0.0,2565.0,P,OTM,2.5,8.668384194187005e-06,16.45,P
2020-07-17,0.08767123287671233,0.0,2565.0,P,OTM,2.5,8.668384194187005e-06,16.950000000000003,P
2020-07-17,0.08767123287671233,0.0,2570.0,P,OTM,2.5,8.634687883238202e-06,17.25,P
2020-07-17,0.08767123287671233,0.0,2570.0,P,OTM,2.5,8.634687883238202e-06,16.75,P
2020-07-17,0.08767123287671233,0.0,2575.0,P,OTM,2.5,8.601187670845508e-06,19.25,P
2020-07-17,0.08767123287671233,0.0,2575.0,P,OTM,2.5,8.601187670845508e-06,17.6,P
2020-07-17,0.08767123287671233,0.0,2580.0,P,OTM,2.5,8.567882038339041e-06,17.950000000000003,P
2020-07-17,0.08767123287671233,0.0,2580.0,P,OTM,2.5,8.567882038339041e-06,17.4,P
2020-07-17,0.08767123287671233,0.0,2585.0,P,OTM,2.5,8.534769481722032e-06,19.950000000000003,P
2020-07-17,0.08767123287671233,0.0,2585.0,P,OTM,2.5,8.534769481722032e-06,18.3,P
2020-07-17,0.08767123287671233,0.0,2590.0,P,OTM,2.5,8.501848511501022e-06,18.65,P
2020-07-17,0.08767123287671233,0.0,2590.0,P,OTM,2.5,8.501848511501022e-06,18.1,P
2020-07-17,0.08767123287671233,0.0,2595.0,P,OTM,2.5,8.469117652518368e-06,20.65,P
2020-07-17,0.08767123287671233,0.0,2595.0,P,OTM,2.5,8.469117652518368e-06,19.0,P
2020-07-17,0.08767123287671233,0.0,2600.0,P,OTM,2.5,8.436575443786981e-06,19.35,P
2020-07-17,0.08767123287671233,0.0,2600.0,P,OTM,2.5,8.436575443786981e-06,19.95,P
2020-07-17,0.08767123287671233,0.0,2605.0,P,OTM,2.5,8.404220438327298e-06,19.2,P
2020-07-17,0.08767123287671233,0.0,2605.0,P,OTM,2.5,8.404220438327298e-06,19.75,P
2020-07-17,0.08767123287671233,0.0,2610.0,P,OTM,2.5,8.372051203006415e-06,19.6,P
2020-07-17,0.08767123287671233,0.0,2610.0,P,OTM,2.5,8.372051203006415e-06,20.2,P
2020-07-17,0.08767123287671233,0.0,2615.0,P,OTM,2.5,8.340066318379404e-06,20.6,P
2020-07-17,0.08767123287671233,0.0,2615.0,P,OTM,2.5,8.340066318379404e-06,20.0,P
2020-07-17,0.08767123287671233,0.0,2620.0,P,OTM,2.5,8.30826437853272e-06,20.4,P
2020-07-17,0.08767123287671233,0.0,2620.0,P,OTM,2.5,8.30826437853272e-06,21.0,P
2020-07-17,0.08767123287671233,0.0,2625.0,P,OTM,2.5,8.276643990929705e-06,21.4,P
2020-07-17,0.08767123287671233,0.0,2625.0,P,OTM,2.5,8.276643990929705e-06,20.8,P
2020-07-17,0.08767123287671233,0.0,2630.0,P,OTM,2.5,8.24520377625815e-06,23.4,P
2020-07-17,0.08767123287671233,0.0,2630.0,P,OTM,2.5,8.24520377625815e-06,21.8,P
2020-07-17,0.08767123287671233,0.0,2635.0,P,OTM,2.5,8.21394236827987e-06,22.2,P
2020-07-17,0.08767123287671233,0.0,2635.0,P,OTM,2.5,8.21394236827987e-06,23.8,P
2020-07-17,0.08767123287671233,0.0,2640.0,P,OTM,2.5,8.182858413682276e-06,22.1,P
2020-07-17,0.08767123287671233,0.0,2640.0,P,OTM,2.5,8.182858413682276e-06,22.65,P
2020-07-17,0.08767123287671233,0.0,2645.0,P,OTM,2.5,8.151950571931919e-06,23.1,P
2020-07-17,0.08767123287671233,0.0,2645.0,P,OTM,2.5,8.151950571931919e-06,24.65,P
2020-07-17,0.08767123287671233,0.0,2650.0,P,OTM,2.5,8.121217515129939e-06,22.95,P
2020-07-17,0.08767123287671233,0.0,2650.0,P,OTM,2.5,8.121217515129939e-06,23.5,P
2020-07-17,0.08767123287671233,0.0,2655.0,P,OTM,2.5,8.090657927869458e-06,25.549999999999997,P
2020-07-17,0.08767123287671233,0.0,2655.0,P,OTM,2.5,8.090657927869458e-06,24.0,P
2020-07-17,0.08767123287671233,0.0,2660.0,P,OTM,2.5,8.060270507094805e-06,23.85,P
2020-07-17,0.08767123287671233,0.0,2660.0,P,OTM,2.5,8.060270507094805e-06,24.45,P
2020-07-17,0.08767123287671233,0.0,2665.0,P,OTM,2.5,8.030053961962624e-06,24.35,P
2020-07-17,0.08767123287671233,0.0,2665.0,P,OTM,2.5,8.030053961962624e-06,24.9,P
2020-07-17,0.08767123287671233,0.0,2670.0,P,OTM,2.5,8.000007013704778e-06,26.950000000000003,P
2020-07-17,0.08767123287671233,0.0,2670.0,P,OTM,2.5,8.000007013704778e-06,25.4,P
2020-07-17,0.08767123287671233,0.0,2675.0,P,OTM,2.5,7.970128395493056e-06,25.9,P
2020-07-17,0.08767123287671233,0.0,2675.0,P,OTM,2.5,7.970128395493056e-06,27.4,P
2020-07-17,0.08767123287671233,0.0,2680.0,P,OTM,2.5,7.940416852305636e-06,27.9,P
2020-07-17,0.08767123287671233,0.0,2680.0,P,OTM,2.5,7.940416852305636e-06,26.4,P
2020-07-17,0.08767123287671233,0.0,2685.0,P,OTM,2.5,7.9108711407953e-06,26.9,P
2020-07-17,0.08767123287671233,0.0,2685.0,P,OTM,2.5,7.9108711407953e-06,26.35,P
2020-07-17,0.08767123287671233,0.0,2690.0,P,OTM,2.5,7.881490029159353e-06,28.9,P
2020-07-17,0.08767123287671233,0.0,2690.0,P,OTM,2.5,7.881490029159353e-06,27.45,P
2020-07-17,0.08767123287671233,0.0,2695.0,P,OTM,2.5,7.852272297011232e-06,27.95,P
2020-07-17,0.08767123287671233,0.0,2695.0,P,OTM,2.5,7.852272297011232e-06,29.4,P
2020-07-17,0.08767123287671233,0.0,2700.0,P,OTM,2.5,7.823216735253772e-06,28.9,P
2020-07-17,0.08767123287671233,0.0,2700.0,P,OTM,2.5,7.823216735253772e-06,28.5,P
2020-07-17,0.08767123287671233,0.0,2705.0,P,OTM,2.5,7.794322145954127e-06,29.05,P
2020-07-17,0.08767123287671233,0.0,2705.0,P,OTM,2.5,7.794322145954127e-06,30.5,P
2020-07-17,0.08767123287671233,0.0,2710.0,P,OTM,2.5,7.765587342220286e-06,29.6,P
2020-07-17,0.08767123287671233,0.0,2710.0,P,OTM,2.5,7.765587342220286e-06,29.0,P
2020-07-17,0.08767123287671233,0.0,2715.0,P,OTM,2.5,7.737011148079187e-06,31.6,P
2020-07-17,0.08767123287671233,0.0,2715.0,P,OTM,2.5,7.737011148079187e-06,30.2,P
2020-07-17,0.08767123287671233,0.0,2720.0,P,OTM,2.5,7.708592398356401e-06,30.75,P
2020-07-17,0.08767123287671233,0.0,2720.0,P,OTM,2.5,7.708592398356401e-06,32.15,P
2020-07-17,0.08767123287671233,0.0,2725.0,P,OTM,2.5,7.68032993855736e-06,31.35,P
2020-07-17,0.08767123287671233,0.0,2725.0,P,OTM,2.5,7.68032993855736e-06,32.75,P
2020-07-17,0.08767123287671233,0.0,2730.0,P,OTM,2.5,7.652222624750099e-06,31.950000000000003,P
2020-07-17,0.08767123287671233,0.0,2730.0,P,OTM,2.5,7.652222624750099e-06,33.35,P
2020-07-17,0.08767123287671233,0.0,2735.0,P,OTM,2.5,7.624269323449496e-06,32.55,P
2020-07-17,0.08767123287671233,0.0,2735.0,P,OTM,2.5,7.624269323449496e-06,33.95,P
2020-07-17,0.08767123287671233,0.0,2740.0,P,OTM,2.5,7.59646891150301e-06,34.55,P
2020-07-17,0.08767123287671233,0.0,2740.0,P,OTM,2.5,7.59646891150301e-06,33.25,P
2020-07-17,0.08767123287671233,0.0,2745.0,P,OTM,2.5,7.56882027597785e-06,33.85,P
2020-07-17,0.08767123287671233,0.0,2745.0,P,OTM,2.5,7.56882027597785e-06,35.25,P
2020-07-17,0.08767123287671233,0.0,2750.0,P,OTM,2.5,7.5413223140495865e-06,35.85,P
2020-07-17,0.08767123287671233,0.0,2750.0,P,OTM,2.5,7.5413223140495865e-06,34.5,P
2020-07-17,0.08767123287671233,0.0,2755.0,P,OTM,2.5,7.5139739328921835e-06,35.15,P
2020-07-17,0.08767123287671233,0.0,2755.0,P,OTM,2.5,7.5139739328921835e-06,36.5,P
2020-07-17,0.08767123287671233,0.0,2760.0,P,OTM,2.5,7.486774049569418e-06,36.95,P
2020-07-17,0.08767123287671233,0.0,2760.0,P,OTM,2.5,7.486774049569418e-06,35.85,P
2020-07-17,0.08767123287671233,0.0,2765.0,P,OTM,2.5,7.459721590927671e-06,36.55,P
2020-07-17,0.08767123287671233,0.0,2765.0,P,OTM,2.5,7.459721590927671e-06,37.6,P
2020-07-17,0.08767123287671233,0.0,2770.0,P,OTM,2.5,7.432815493490076e-06,38.349999999999994,P
2020-07-17,0.08767123287671233,0.0,2770.0,P,OTM,2.5,7.432815493490076e-06,37.25,P
2020-07-17,0.08767123287671233,0.0,2775.0,P,OTM,2.5,7.4060547033520005e-06,37.95,P
2020-07-17,0.08767123287671233,0.0,2775.0,P,OTM,2.5,7.4060547033520005e-06,39.0,P
2020-07-17,0.08767123287671233,0.0,2780.0,P,OTM,2.5,7.379438176077844e-06,39.75,P
2020-07-17,0.08767123287671233,0.0,2780.0,P,OTM,2.5,7.379438176077844e-06,38.65,P
2020-07-17,0.08767123287671233,0.0,2785.0,P,OTM,2.5,7.352964876599119e-06,39.35,P
2020-07-17,0.08767123287671233,0.0,2785.0,P,OTM,2.5,7.352964876599119e-06,40.65,P
2020-07-17,0.08767123287671233,0.0,2790.0,P,OTM,2.5,7.326633779113835e-06,41.2,P
2020-07-17,0.08767123287671233,0.0,2790.0,P,OTM,2.5,7.326633779113835e-06,40.15,P
2020-07-17,0.08767123287671233,0.0,2795.0,P,OTM,2.5,7.300443866987113e-06,42.099999999999994,P
2020-07-17,0.08767123287671233,0.0,2795.0,P,OTM,2.5,7.300443866987113e-06,40.85,P
2020-07-17,0.08767123287671233,0.0,2800.0,P,OTM,2.5,7.274394132653061e-06,41.65,P
2020-07-17,0.08767123287671233,0.0,2800.0,P,OTM,2.5,7.274394132653061e-06,42.75,P
2020-07-17,0.08767123287671233,0.0,2805.0,P,OTM,2.5,7.248483577517864e-06,43.7,P
2020-07-17,0.08767123287671233,0.0,2805.0,P,OTM,2.5,7.248483577517864e-06,42.45,P
2020-07-17,0.08767123287671233,0.0,2810.0,P,OTM,2.5,7.222711211864085e-06,43.25,P
2020-07-17,0.08767123287671233,0.0,2810.0,P,OTM,2.5,7.222711211864085e-06,44.5,P
2020-07-17,0.08767123287671233,0.0,2815.0,P,OTM,2.5,7.197076054756143e-06,44.35,P
2020-07-17,0.08767123287671233,0.0,2815.0,P,OTM,2.5,7.197076054756143e-06,44.05,P
2020-07-17,0.08767123287671233,0.0,2820.0,P,OTM,2.5,7.171577133946984e-06,44.900000000000006,P
2020-07-17,0.08767123287671233,0.0,2820.0,P,OTM,2.5,7.171577133946984e-06,45.15,P
2020-07-17,0.08767123287671233,0.0,2825.0,P,OTM,2.5,7.146213485785887e-06,46.0,P
2020-07-17,0.08767123287671233,0.0,2825.0,P,OTM,2.5,7.146213485785887e-06,45.75,P
2020-07-17,0.08767123287671233,0.0,2830.0,P,OTM,2.5,7.12098415512742e-06,46.599999999999994,P
2020-07-17,0.08767123287671233,0.0,2830.0,P,OTM,2.5,7.12098415512742e-06,46.85,P
2020-07-17,0.08767123287671233,0.0,2835.0,P,OTM,2.5,7.095888195241517e-06,47.7,P
2020-07-17,0.08767123287671233,0.0,2835.0,P,OTM,2.5,7.095888195241517e-06,47.45,P
2020-07-17,0.08767123287671233,0.0,2840.0,P,OTM,2.5,7.070924667724658e-06,48.35,P
2020-07-17,0.08767123287671233,0.0,2840.0,P,OTM,2.5,7.070924667724658e-06,48.6,P
2020-07-17,0.08767123287671233,0.0,2845.0,P,OTM,2.5,7.0460926424121505e-06,49.55,P
2020-07-17,0.08767123287671233,0.0,2845.0,P,OTM,2.5,7.0460926424121505e-06,49.25,P
2020-07-17,0.08767123287671233,0.0,2850.0,P,OTM,2.5,7.021391197291475e-06,50.45,P
2020-07-17,0.08767123287671233,0.0,2850.0,P,OTM,2.5,7.021391197291475e-06,50.2,P
2020-07-17,0.08767123287671233,0.0,2855.0,P,OTM,2.5,6.996819418416702e-06,51.099999999999994,P
2020-07-17,0.08767123287671233,0.0,2855.0,P,OTM,2.5,6.996819418416702e-06,51.4,P
2020-07-17,0.08767123287671233,0.0,2860.0,P,OTM,2.5,6.972376399823952e-06,52.3,P
2020-07-17,0.08767123287671233,0.0,2860.0,P,OTM,2.5,6.972376399823952e-06,52.05,P
2020-07-17,0.08767123287671233,0.0,2865.0,P,OTM,2.5,6.948061243447883e-06,53.05,P
2020-07-17,0.08767123287671233,0.0,2865.0,P,OTM,2.5,6.948061243447883e-06,53.3,P
2020-07-17,0.08767123287671233,0.0,2870.0,P,OTM,2.5,6.923873059039202e-06,54.3,P
2020-07-17,0.08767123287671233,0.0,2870.0,P,OTM,2.5,6.923873059039202e-06,54.05,P
2020-07-17,0.08767123287671233,0.0,2875.0,P,OTM,2.5,6.899810964083176e-06,55.05,P
2020-07-17,0.08767123287671233,0.0,2875.0,P,OTM,2.5,6.899810964083176e-06,55.3,P
2020-07-17,0.08767123287671233,0.0,2880.0,P,OTM,2.5,6.875874083719136e-06,56.3,P
2020-07-17,0.08767123287671233,0.0,2880.0,P,OTM,2.5,6.875874083719136e-06,56.05,P
2020-07-17,0.08767123287671233,0.0,2885.0,P,OTM,2.5,6.852061550660952e-06,57.099999999999994,P
2020-07-17,0.08767123287671233,0.0,2885.0,P,OTM,2.5,6.852061550660952e-06,57.35,P
2020-07-17,0.08767123287671233,0.0,2890.0,P,OTM,2.5,6.828372505118473e-06,58.45,P
2020-07-17,0.08767123287671233,0.0,2890.0,P,OTM,2.5,6.828372505118473e-06,58.15,P
2020-07-17,0.08767123287671233,0.0,2895.0,P,OTM,2.5,6.804806094719919e-06,59.2,P
2020-07-17,0.08767123287671233,0.0,2895.0,P,OTM,2.5,6.804806094719919e-06,59.5,P
2020-07-17,0.08767123287671233,0.0,2900.0,P,OTM,2.5,6.781361474435196e-06,60.2,P
2020-07-17,0.08767123287671233,0.0,2900.0,P,OTM,2.5,6.781361474435196e-06,60.3,P
2020-07-17,0.08767123287671233,0.0,2905.0,P,OTM,2.5,6.758037806500158e-06,61.65,P
2020-07-17,0.08767123287671233,0.0,2905.0,P,OTM,2.5,6.758037806500158e-06,61.400000000000006,P
2020-07-17,0.08767123287671233,0.0,2910.0,P,OTM,2.5,6.734834260341753e-06,62.55,P
2020-07-17,0.08767123287671233,0.0,2910.0,P,OTM,2.5,6.734834260341753e-06,62.849999999999994,P
2020-07-17,0.08767123287671233,0.0,2915.0,P,OTM,2.5,6.711750012504083e-06,64.0,P
2020-07-17,0.08767123287671233,0.0,2915.0,P,OTM,2.5,6.711750012504083e-06,63.7,P
2020-07-17,0.08767123287671233,0.0,2920.0,P,OTM,2.5,6.688784246575342e-06,64.85,P
2020-07-17,0.08767123287671233,0.0,2920.0,P,OTM,2.5,6.688784246575342e-06,65.15,P
2020-07-17,0.08767123287671233,0.0,2925.0,P,OTM,2.5,6.6659361531156405e-06,66.05,P
2020-07-17,0.08767123287671233,0.0,2925.0,P,OTM,2.5,6.6659361531156405e-06,66.35,P
2020-07-17,0.08767123287671233,0.0,2930.0,P,OTM,2.5,6.643204929585668e-06,67.25,P
2020-07-17,0.08767123287671233,0.0,2930.0,P,OTM,2.5,6.643204929585668e-06,67.55000000000001,P
2020-07-17,0.08767123287671233,0.0,2935.0,P,OTM,2.5,6.62058978027623e-06,68.80000000000001,P
2020-07-17,0.08767123287671233,0.0,2935.0,P,OTM,2.5,6.62058978027623e-06,68.5,P
2020-07-17,0.08767123287671233,0.0,2940.0,P,OTM,2.5,6.598089916238604e-06,69.7,P
2020-07-17,0.08767123287671233,0.0,2940.0,P,OTM,2.5,6.598089916238604e-06,70.05,P
2020-07-17,0.08767123287671233,0.0,2945.0,P,OTM,2.5,6.57570455521574e-06,71.3,P
2020-07-17,0.08767123287671233,0.0,2945.0,P,OTM,2.5,6.57570455521574e-06,71.0,P
2020-07-17,0.08767123287671233,0.0,2950.0,P,OTM,2.5,6.5534329215742605e-06,72.3,P
2020-07-17,0.08767123287671233,0.0,2950.0,P,OTM,2.5,6.5534329215742605e-06,72.65,P
2020-07-17,0.08767123287671233,0.0,2955.0,P,OTM,2.5,6.53127424623727e-06,73.95,P
2020-07-17,0.08767123287671233,0.0,2955.0,P,OTM,2.5,6.53127424623727e-06,73.6,P
2020-07-17,0.08767123287671233,0.0,2960.0,P,OTM,2.5,6.5092277666179686e-06,74.9,P
2020-07-17,0.08767123287671233,0.0,2960.0,P,OTM,2.5,6.5092277666179686e-06,75.30000000000001,P
2020-07-17,0.08767123287671233,0.0,2965.0,P,OTM,2.5,6.4872927265540356e-06,76.69999999999999,P
2020-07-17,0.08767123287671233,0.0,2965.0,P,OTM,2.5,6.4872927265540356e-06,76.3,P
2020-07-17,0.08767123287671233,0.0,2970.0,P,OTM,2.5,6.4654683762427866e-06,77.7,P
2020-07-17,0.08767123287671233,0.0,2970.0,P,OTM,2.5,6.4654683762427866e-06,78.05000000000001,P
2020-07-17,0.08767123287671233,0.0,2975.0,P,OTM,2.5,6.4437539721771065e-06,79.75,P
2020-07-17,0.08767123287671233,0.0,2975.0,P,OTM,2.5,6.4437539721771065e-06,79.1,P
2020-07-17,0.08767123287671233,0.0,2980.0,P,OTM,2.5,6.422148777082113e-06,80.5,P
2020-07-17,0.08767123287671233,0.0,2980.0,P,OTM,2.5,6.422148777082113e-06,81.2,P
2020-07-17,0.08767123287671233,0.0,2985.0,P,OTM,2.5,6.4006520598525855e-06,82.65,P
2020-07-17,0.08767123287671233,0.0,2985.0,P,OTM,2.5,6.4006520598525855e-06,82.0,P
2020-07-17,0.08767123287671233,0.0,2990.0,P,OTM,2.5,6.379263095491102e-06,83.5,P
2020-07-17,0.08767123287671233,0.0,2990.0,P,OTM,2.5,6.379263095491102e-06,84.15,P
2020-07-17,0.08767123287671233,0.0,2995.0,P,OTM,2.5,6.357981165046921e-06,85.0,P
2020-07-17,0.08767123287671233,0.0,2995.0,P,OTM,2.5,6.357981165046921e-06,85.65,P
2020-07-17,0.08767123287671233,0.0,3000.0,P,OTM,2.5,6.336805555555555e-06,87.2,P
2020-07-17,0.08767123287671233,0.0,3000.0,P,OTM,2.5,6.336805555555555e-06,86.55000000000001,P
2020-07-17,0.08767123287671233,0.0,3005.0,P,OTM,2.5,6.3157355599790704e-06,88.15,P
2020-07-17,0.08767123287671233,0.0,3005.0,P,OTM,2.5,6.3157355599790704e-06,88.7,P
2020-07-17,0.08767123287671233,0.0,3010.0,P,OTM,2.5,6.2947704771470515e-06,90.3,P
2020-07-17,0.08767123287671233,0.0,3010.0,P,OTM,2.5,6.2947704771470515e-06,89.75,P
2020-07-17,0.08767123287671233,0.0,3015.0,P,OTM,2.5,6.273909611698281e-06,91.35,P
2020-07-17,0.08767123287671233,0.0,3015.0,P,OTM,2.5,6.273909611698281e-06,91.9,P
2020-07-17,0.08767123287671233,0.0,3020.0,P,OTM,2.5,6.253152274023069e-06,93.55,P
2020-07-17,0.08767123287671233,0.0,3020.0,P,OTM,2.5,6.253152274023069e-06,93.05000000000001,P
2020-07-17,0.08767123287671233,0.0,3025.0,P,OTM,2.5,6.23249778020627e-06,95.3,P
2020-07-17,0.08767123287671233,0.0,3025.0,P,OTM,2.5,6.23249778020627e-06,94.75,P
2020-07-17,0.08767123287671233,0.0,3030.0,P,OTM,2.5,6.21194545197094e-06,96.44999999999999,P
2020-07-17,0.08767123287671233,0.0,3030.0,P,OTM,2.5,6.21194545197094e-06,97.0,P
2020-07-17,0.08767123287671233,0.0,3035.0,P,OTM,2.5,6.191494616622653e-06,98.2,P
2020-07-17,0.08767123287671233,0.0,3035.0,P,OTM,2.5,6.191494616622653e-06,98.75,P
2020-07-17,0.08767123287671233,0.0,3040.0,P,OTM,2.5,6.17114460699446e-06,100.5,P
2020-07-17,0.08767123287671233,0.0,3040.0,P,OTM,2.5,6.17114460699446e-06,100.0,P
2020-07-17,0.08767123287671233,0.0,3045.0,P,OTM,2.5,6.150894761392468e-06,101.85,P
2020-07-17,0.08767123287671233,0.0,3045.0,P,OTM,2.5,6.150894761392468e-06,101.85,P
2020-07-17,0.08767123287671233,0.0,3050.0,P,OTM,2.5,6.130744423542058e-06,104.15,P
2020-07-17,0.08767123287671233,0.0,3050.0,P,OTM,2.5,6.130744423542058e-06,103.7,P
2020-07-17,0.08767123287671233,0.0,3055.0,C,OTM,2.5,6.110692942534709e-06,108.85,C
2020-07-17,0.08767123287671233,0.0,3055.0,C,OTM,2.5,6.110692942534709e-06,105.80000000000001,C
2020-07-17,0.08767123287671233,0.0,3060.0,C,OTM,2.5,6.090739672775428e-06,105.75,C
2020-07-17,0.08767123287671233,0.0,3060.0,C,OTM,2.5,6.090739672775428e-06,102.9,C
2020-07-17,0.08767123287671233,0.0,3065.0,C,OTM,2.5,6.070883973930793e-06,99.69999999999999,C
2020-07-17,0.08767123287671233,0.0,3065.0,C,OTM,2.5,6.070883973930793e-06,102.75,C
2020-07-17,0.08767123287671233,0.0,3070.0,C,OTM,2.5,6.0511252108775695e-06,99.75,C
2020-07-17,0.08767123287671233,0.0,3070.0,C,OTM,2.5,6.0511252108775695e-06,96.69999999999999,C
2020-07-17,0.08767123287671233,0.0,3075.0,C,OTM,2.5,6.031462753651927e-06,93.75,C
2020-07-17,0.08767123287671233,0.0,3075.0,C,OTM,2.5,6.031462753651927e-06,96.75,C
2020-07-17,0.08767123287671233,0.0,3080.0,C,OTM,2.5,6.0118959773992245e-06,93.85,C
2020-07-17,0.08767123287671233,0.0,3080.0,C,OTM,2.5,6.0118959773992245e-06,90.80000000000001,C
2020-07-17,0.08767123287671233,0.0,3085.0,C,OTM,2.5,5.992424262324364e-06,87.94999999999999,C
2020-07-17,0.08767123287671233,0.0,3085.0,C,OTM,2.5,5.992424262324364e-06,91.0,C
2020-07-17,0.08767123287671233,0.0,3090.0,C,OTM,2.5,5.973046993642715e-06,85.6,C
2020-07-17,0.08767123287671233,0.0,3090.0,C,OTM,2.5,5.973046993642715e-06,88.15,C
2020-07-17,0.08767123287671233,0.0,3095.0,C,OTM,2.5,5.953763561531575e-06,82.7,C
2020-07-17,0.08767123287671233,0.0,3095.0,C,OTM,2.5,5.953763561531575e-06,85.35,C
2020-07-17,0.08767123287671233,0.0,3100.0,C,OTM,2.5,5.934573361082206e-06,82.6,C
2020-07-17,0.08767123287671233,0.0,3100.0,C,OTM,2.5,5.934573361082206e-06,80.05000000000001,C
2020-07-17,0.08767123287671233,0.0,3105.0,C,OTM,2.5,5.91547579225238e-06,77.3,C
2020-07-17,0.08767123287671233,0.0,3105.0,C,OTM,2.5,5.91547579225238e-06,79.9,C
2020-07-17,0.08767123287671233,0.0,3110.0,C,OTM,2.5,5.896470259819481e-06,77.2,C
2020-07-17,0.08767123287671233,0.0,3110.0,C,OTM,2.5,5.896470259819481e-06,74.25,C
2020-07-17,0.08767123287671233,0.0,3115.0,C,OTM,2.5,5.877556173334124e-06,72.05,C
2020-07-17,0.08767123287671233,0.0,3115.0,C,OTM,2.5,5.877556173334124e-06,74.6,C
2020-07-17,0.08767123287671233,0.0,3120.0,C,OTM,2.5,5.858732947074293e-06,72.0,C
2020-07-17,0.08767123287671233,0.0,3120.0,C,OTM,2.5,5.858732947074293e-06,69.85,C
2020-07-17,0.08767123287671233,0.0,3125.0,C,OTM,2.5,5.84e-06,67.35,C
2020-07-17,0.08767123287671233,0.0,3125.0,C,OTM,2.5,5.84e-06,69.5,C
2020-07-17,0.08767123287671233,0.0,3130.0,C,OTM,2.5,5.821356755708438e-06,67.05000000000001,C
2020-07-17,0.08767123287671233,0.0,3130.0,C,OTM,2.5,5.821356755708438e-06,64.05000000000001,C
2020-07-17,0.08767123287671233,0.0,3135.0,C,OTM,2.5,5.802802642389648e-06,62.05,C
2020-07-17,0.08767123287671233,0.0,3135.0,C,OTM,2.5,5.802802642389648e-06,64.6,C
2020-07-17,0.08767123287671233,0.0,3140.0,C,OTM,2.5,5.784337092782669e-06,62.3,C
2020-07-17,0.08767123287671233,0.0,3140.0,C,OTM,2.5,5.784337092782669e-06,59.85,C
2020-07-17,0.08767123287671233,0.0,3145.0,C,OTM,2.5,5.76595954413218e-06,57.75,C
2020-07-17,0.08767123287671233,0.0,3145.0,C,OTM,2.5,5.76595954413218e-06,60.0,C
2020-07-17,0.08767123287671233,0.0,3150.0,C,OTM,2.5,5.747669438145629e-06,54.7,C
2020-07-17,0.08767123287671233,0.0,3150.0,C,OTM,2.5,5.747669438145629e-06,57.7,C
2020-07-17,0.08767123287671233,0.0,3155.0,C,OTM,2.5,5.729466220950821e-06,55.5,C
2020-07-17,0.08767123287671233,0.0,3155.0,C,OTM,2.5,5.729466220950821e-06,52.5,C
2020-07-17,0.08767123287671233,0.0,3160.0,C,OTM,2.5,5.711349343053998e-06,50.35,C
2020-07-17,0.08767123287671233,0.0,3160.0,C,OTM,2.5,5.711349343053998e-06,53.35,C
2020-07-17,0.08767123287671233,0.0,3165.0,C,OTM,2.5,5.6933182592983585e-06,51.25,C
2020-07-17,0.08767123287671233,0.0,3165.0,C,OTM,2.5,5.6933182592983585e-06,48.3,C
2020-07-17,0.08767123287671233,0.0,3170.0,C,OTM,2.5,5.675372428823055e-06,46.25,C
2020-07-17,0.08767123287671233,0.0,3170.0,C,OTM,2.5,5.675372428823055e-06,49.2,C
2020-07-17,0.08767123287671233,0.0,3175.0,C,OTM,2.5,5.6575113150226294e-06,47.25,C
2020-07-17,0.08767123287671233,0.0,3175.0,C,OTM,2.5,5.6575113150226294e-06,44.3,C
2020-07-17,0.08767123287671233,0.0,3180.0,C,OTM,2.5,5.639734385506903e-06,42.35,C
2020-07-17,0.08767123287671233,0.0,3180.0,C,OTM,2.5,5.639734385506903e-06,45.3,C
2020-07-17,0.08767123287671233,0.0,3185.0,C,OTM,2.5,5.622041112061296e-06,43.45,C
2020-07-17,0.08767123287671233,0.0,3185.0,C,OTM,2.5,5.622041112061296e-06,40.55,C
2020-07-17,0.08767123287671233,0.0,3190.0,C,OTM,2.5,5.6044309706076e-06,38.7,C
2020-07-17,0.08767123287671233,0.0,3190.0,C,OTM,2.5,5.6044309706076e-06,41.599999999999994,C
2020-07-17,0.08767123287671233,0.0,3195.0,C,OTM,2.5,5.586903441165162e-06,38.95,C
2020-07-17,0.08767123287671233,0.0,3195.0,C,OTM,2.5,5.586903441165162e-06,39.85,C
2020-07-17,0.08767123287671233,0.0,3200.0,C,OTM,2.5,5.5694580078125e-06,38.15,C
2020-07-17,0.08767123287671233,0.0,3200.0,C,OTM,2.5,5.5694580078125e-06,35.2,C
2020-07-17,0.08767123287671233,0.0,3205.0,C,OTM,2.5,5.552094158649341e-06,35.65,C
2020-07-17,0.08767123287671233,0.0,3205.0,C,OTM,2.5,5.552094158649341e-06,36.45,C
2020-07-17,0.08767123287671233,0.0,3210.0,C,OTM,2.5,5.534811385759066e-06,34.85,C
2020-07-17,0.08767123287671233,0.0,3210.0,C,OTM,2.5,5.534811385759066e-06,32.0,C
2020-07-17,0.08767123287671233,0.0,3215.0,C,OTM,2.5,5.517609185171569e-06,33.35,C
2020-07-17,0.08767123287671233,0.0,3215.0,C,OTM,2.5,5.517609185171569e-06,32.5,C
2020-07-17,0.08767123287671233,0.0,3220.0,C,OTM,2.5,5.500487056826511e-06,29.799999999999997,C
2020-07-17,0.08767123287671233,0.0,3220.0,C,OTM,2.5,5.500487056826511e-06,31.85,C
2020-07-17,0.08767123287671233,0.0,3225.0,C,OTM,2.5,5.483444504536986e-06,28.4,C
2020-07-17,0.08767123287671233,0.0,3225.0,C,OTM,2.5,5.483444504536986e-06,30.4,C
2020-07-17,0.08767123287671233,0.0,3230.0,C,OTM,2.5,5.46648103595357e-06,28.25,C
2020-07-17,0.08767123287671233,0.0,3230.0,C,OTM,2.5,5.46648103595357e-06,29.0,C
2020-07-17,0.08767123287671233,0.0,3235.0,C,OTM,2.5,5.449596162528755e-06,27.65,C
2020-07-17,0.08767123287671233,0.0,3235.0,C,OTM,2.5,5.449596162528755e-06,25.8,C
2020-07-17,0.08767123287671233,0.0,3240.0,C,OTM,2.5,5.4327893994817865e-06,25.65,C
2020-07-17,0.08767123287671233,0.0,3240.0,C,OTM,2.5,5.4327893994817865e-06,26.4,C
2020-07-17,0.08767123287671233,0.0,3245.0,C,OTM,2.5,5.416060265763852e-06,25.15,C
2020-07-17,0.08767123287671233,0.0,3245.0,C,OTM,2.5,5.416060265763852e-06,24.450000000000003,C
2020-07-17,0.08767123287671233,0.0,3250.0,C,OTM,2.5,5.399408284023669e-06,22.25,C
2020-07-17,0.08767123287671233,0.0,3250.0,C,OTM,2.5,5.399408284023669e-06,23.95,C
2020-07-17,0.08767123287671233,0.0,3255.0,C,OTM,2.5,5.38283298057343e-06,21.15,C
2020-07-17,0.08767123287671233,0.0,3255.0,C,OTM,2.5,5.38283298057343e-06,22.85,C
2020-07-17,0.08767123287671233,0.0,3260.0,C,OTM,2.5,5.366333885355113e-06,21.75,C
2020-07-17,0.08767123287671233,0.0,3260.0,C,OTM,2.5,5.366333885355113e-06,21.1,C
2020-07-17,0.08767123287671233,0.0,3265.0,C,OTM,2.5,5.34991053190716e-06,20.1,C
2020-07-17,0.08767123287671233,0.0,3265.0,C,OTM,2.5,5.34991053190716e-06,20.75,C
2020-07-17,0.08767123287671233,0.0,3270.0,C,OTM,2.5,5.3335624573315005e-06,19.7,C
2020-07-17,0.08767123287671233,0.0,3270.0,C,OTM,2.5,5.3335624573315005e-06,19.1,C
2020-07-17,0.08767123287671233,0.0,3275.0,C,OTM,2.5,5.317289202260941e-06,18.15,C
2020-07-17,0.08767123287671233,0.0,3275.0,C,OTM,2.5,5.317289202260941e-06,18.7,C
2020-07-17,0.08767123287671233,0.0,3280.0,C,OTM,2.5,5.3010903108268885e-06,17.8,C
2020-07-17,0.08767123287671233,0.0,3280.0,C,OTM,2.5,5.3010903108268885e-06,17.25,C
2020-07-17,0.08767123287671233,0.0,3285.0,C,OTM,2.5,5.284965330627432e-06,14.3,C
2020-07-17,0.08767123287671233,0.0,3285.0,C,OTM,2.5,5.284965330627432e-06,16.95,C
2020-07-17,0.08767123287671233,0.0,3290.0,C,OTM,2.5,5.268913812695744e-06,16.1,C
2020-07-17,0.08767123287671233,0.0,3290.0,C,OTM,2.5,5.268913812695744e-06,13.450000000000001,C
2020-07-17,0.08767123287671233,0.0,3295.0,C,OTM,2.5,5.252935311468842e-06,14.8,C
2020-07-17,0.08767123287671233,0.0,3295.0,C,OTM,2.5,5.252935311468842e-06,15.3,C
2020-07-17,0.08767123287671233,0.0,3300.0,C,OTM,2.5,5.237029384756658e-06,14.600000000000001,C
2020-07-17,0.08767123287671233,0.0,3300.0,C,OTM,2.5,5.237029384756658e-06,12.5,C
2020-07-17,0.08767123287671233,0.0,3305.0,C,OTM,2.5,5.221195593711449e-06,13.4,C
2020-07-17,0.08767123287671233,0.0,3305.0,C,OTM,2.5,5.221195593711449e-06,13.85,C
2020-07-17,0.08767123287671233,0.0,3310.0,C,OTM,2.5,5.205433502797528e-06,13.2,C
2020-07-17,0.08767123287671233,0.0,3310.0,C,OTM,2.5,5.205433502797528e-06,12.7,C
2020-07-17,0.08767123287671233,0.0,3315.0,C,OTM,2.5,5.1897426797613115e-06,12.1,C
2020-07-17,0.08767123287671233,0.0,3315.0,C,OTM,2.5,5.1897426797613115e-06,12.5,C
2020-07-17,0.08767123287671233,0.0,3320.0,C,OTM,2.5,5.174122695601684e-06,11.899999999999999,C
2020-07-17,0.08767123287671233,0.0,3320.0,C,OTM,2.5,5.174122695601684e-06,11.45,C
2020-07-17,0.08767123287671233,0.0,3325.0,C,OTM,2.5,5.158573124540675e-06,10.9,C
2020-07-17,0.08767123287671233,0.0,3325.0,C,OTM,2.5,5.158573124540675e-06,11.3,C
2020-07-17,0.08767123287671233,0.0,3330.0,C,OTM,2.5,5.143093543994445e-06,10.75,C
2020-07-17,0.08767123287671233,0.0,3330.0,C,OTM,2.5,5.143093543994445e-06,10.3,C
2020-07-17,0.08767123287671233,0.0,3335.0,C,OTM,2.5,5.127683534544572e-06,9.8,C
2020-07-17,0.08767123287671233,0.0,3335.0,C,OTM,2.5,5.127683534544572e-06,10.25,C
2020-07-17,0.08767123287671233,0.0,3340.0,C,OTM,2.5,5.112342679909642e-06,9.75,C
2020-07-17,0.08767123287671233,0.0,3340.0,C,OTM,2.5,5.112342679909642e-06,9.350000000000001,C
2020-07-17,0.08767123287671233,0.0,3345.0,C,OTM,2.5,5.097070566917135e-06,8.850000000000001,C
2020-07-17,0.08767123287671233,0.0,3345.0,C,OTM,2.5,5.097070566917135e-06,9.25,C
2020-07-17,0.08767123287671233,0.0,3350.0,C,OTM,2.5,5.081866785475607e-06,8.8,C
2020-07-17,0.08767123287671233,0.0,3350.0,C,OTM,2.5,5.081866785475607e-06,8.45,C
2020-07-17,0.08767123287671233,0.0,3355.0,C,OTM,2.5,5.066730928547156e-06,8.35,C
2020-07-17,0.08767123287671233,0.0,3355.0,C,OTM,2.5,5.066730928547156e-06,8.05,C
2020-07-17,0.08767123287671233,0.0,3360.0,C,OTM,2.5,5.051662592120181e-06,7.65,C
2020-07-17,0.08767123287671233,0.0,3360.0,C,OTM,2.5,5.051662592120181e-06,7.949999999999999,C
2020-07-17,0.08767123287671233,0.0,3365.0,C,OTM,2.5,5.0366613751824235e-06,7.550000000000001,C
2020-07-17,0.08767123287671233,0.0,3365.0,C,OTM,2.5,5.0366613751824235e-06,7.25,C
2020-07-17,0.08767123287671233,0.0,3370.0,C,OTM,2.5,5.021726879694283e-06,6.9,C
2020-07-17,0.08767123287671233,0.0,3370.0,C,OTM,2.5,5.021726879694283e-06,7.2,C
2020-07-17,0.08767123287671233,0.0,3375.0,C,OTM,2.5,5.0068587105624144e-06,6.55,C
2020-07-17,0.08767123287671233,0.0,3375.0,C,OTM,2.5,5.0068587105624144e-06,6.85,C
2020-07-17,0.08767123287671233,0.0,3380.0,C,OTM,2.5,4.992056475613599e-06,6.550000000000001,C
2020-07-17,0.08767123287671233,0.0,3380.0,C,OTM,2.5,4.992056475613599e-06,6.25,C
2020-07-17,0.08767123287671233,0.0,3385.0,C,OTM,2.5,4.977319785568882e-06,5.95,C
2020-07-17,0.08767123287671233,0.0,3385.0,C,OTM,2.5,4.977319785568882e-06,6.25,C
2020-07-17,0.08767123287671233,0.0,3390.0,C,OTM,2.5,4.962648254017978e-06,5.949999999999999,C
2020-07-17,0.08767123287671233,0.0,3390.0,C,OTM,2.5,4.962648254017978e-06,5.699999999999999,C
2020-07-17,0.08767123287671233,0.0,3395.0,C,OTM,2.5,4.9480414973939414e-06,5.65,C
2020-07-17,0.08767123287671233,0.0,3395.0,C,OTM,2.5,4.9480414973939414e-06,5.4,C
2020-07-17,0.08767123287671233,0.0,3400.0,C,OTM,2.5,4.933499134948097e-06,5.35,C
2020-07-17,0.08767123287671233,0.0,3400.0,C,OTM,2.5,4.933499134948097e-06,5.199999999999999,C
2020-07-17,0.08767123287671233,0.0,3405.0,C,OTM,2.5,4.919020788725227e-06,4.9,C
2020-07-17,0.08767123287671233,0.0,3405.0,C,OTM,2.5,4.919020788725227e-06,5.15,C
2020-07-17,0.08767123287671233,0.0,3410.0,C,OTM,2.5,4.904606083539013e-06,4.699999999999999,C
2020-07-17,0.08767123287671233,0.0,3410.0,C,OTM,2.5,4.904606083539013e-06,4.9,C
2020-07-17,0.08767123287671233,0.0,3415.0,C,OTM,2.5,4.89025464694773e-06,4.699999999999999,C
2020-07-17,0.08767123287671233,0.0,3415.0,C,OTM,2.5,4.89025464694773e-06,4.5,C
2020-07-17,0.08767123287671233,0.0,3420.0,C,OTM,2.5,4.875966109230191e-06,4.3,C
2020-07-17,0.08767123287671233,0.0,3420.0,C,OTM,2.5,4.875966109230191e-06,4.5,C
2020-07-17,0.08767123287671233,0.0,3425.0,C,OTM,2.5,4.861740103361927e-06,4.25,C
2020-07-17,0.08767123287671233,0.0,3425.0,C,OTM,2.5,4.861740103361927e-06,4.2,C
2020-07-17,0.08767123287671233,0.0,3430.0,C,OTM,2.5,4.847576264991628e-06,4.1,C
2020-07-17,0.08767123287671233,0.0,3430.0,C,OTM,2.5,4.847576264991628e-06,4.0,C
2020-07-17,0.08767123287671233,0.0,3435.0,C,OTM,2.5,4.833474232417807e-06,3.75,C
2020-07-17,0.08767123287671233,0.0,3435.0,C,OTM,2.5,4.833474232417807e-06,3.9,C
2020-07-17,0.08767123287671233,0.0,3440.0,C,OTM,2.5,4.819433646565711e-06,3.7,C
2020-07-17,0.08767123287671233,0.0,3440.0,C,OTM,2.5,4.819433646565711e-06,3.7,C
2020-07-17,0.08767123287671233,0.0,3445.0,C,OTM,2.5,4.805454150964461e-06,3.45,C
2020-07-17,0.08767123287671233,0.0,3445.0,C,OTM,2.5,4.805454150964461e-06,3.6,C
2020-07-17,0.08767123287671233,0.0,3450.0,C,OTM,2.5,4.791535391724427e-06,3.4,C
2020-07-17,0.08767123287671233,0.0,3450.0,C,OTM,2.5,4.791535391724427e-06,3.4000000000000004,C
2020-07-17,0.08767123287671233,0.0,3455.0,C,OTM,2.5,4.777677017514833e-06,3.25,C
2020-07-17,0.08767123287671233,0.0,3455.0,C,OTM,2.5,4.777677017514833e-06,3.3,C
2020-07-17,0.08767123287671233,0.0,3460.0,C,OTM,2.5,4.7638786795415815e-06,3.15,C
2020-07-17,0.08767123287671233,0.0,3460.0,C,OTM,2.5,4.7638786795415815e-06,3.05,C
2020-07-17,0.08767123287671233,0.0,3465.0,C,OTM,2.5,4.7501400315253134e-06,3.025,C
2020-07-17,0.08767123287671233,0.0,3465.0,C,OTM,2.5,4.7501400315253134e-06,3.0250000000000004,C
2020-07-17,0.08767123287671233,0.0,3470.0,C,OTM,2.5,4.736460729679675e-06,2.875,C
2020-07-17,0.08767123287671233,0.0,3470.0,C,OTM,2.5,4.736460729679675e-06,2.725,C
2020-07-17,0.08767123287671233,0.0,3475.0,C,OTM,2.5,4.7228404326898194e-06,2.5999999999999996,C
2020-07-17,0.08767123287671233,0.0,3475.0,C,OTM,2.5,4.7228404326898194e-06,2.7750000000000004,C
2020-07-17,0.08767123287671233,0.0,3480.0,C,OTM,2.5,4.709278801691108e-06,2.675,C
2020-07-17,0.08767123287671233,0.0,3480.0,C,OTM,5.0,9.418557603382216e-06,2.525,C
2020-07-17,0.08767123287671233,0.0,3490.0,C,OTM,5.0,9.36466038866676e-06,2.325,C
2020-07-17,0.08767123287671233,0.0,3490.0,C,OTM,5.0,9.36466038866676e-06,2.4749999999999996,C
2020-07-17,0.08767123287671233,0.0,3500.0,C,OTM,5.0,9.311224489795918e-06,2.2750000000000004,C
2020-07-17,0.08767123287671233,0.0,3500.0,C,OTM,5.0,9.311224489795918e-06,2.125,C
2020-07-17,0.08767123287671233,0.0,3510.0,C,OTM,5.0,9.258244657105056e-06,2.125,C
2020-07-17,0.08767123287671233,0.0,3510.0,C,OTM,5.0,9.258244657105056e-06,1.975,C
2020-07-17,0.08767123287671233,0.0,3520.0,C,OTM,5.0,9.205715715392562e-06,1.875,C
2020-07-17,0.08767123287671233,0.0,3520.0,C,OTM,2.5,4.602857857696281e-06,1.95,C
2020-07-17,0.08767123287671233,0.0,3525.0,C,OTM,2.5,4.58980936572607e-06,1.9,C
2020-07-17,0.08767123287671233,0.0,3525.0,C,OTM,2.5,4.58980936572607e-06,1.875,C
2020-07-17,0.08767123287671233,0.0,3530.0,C,OTM,2.5,4.576816281327994e-06,1.825,C
2020-07-17,0.08767123287671233,0.0,3530.0,C,OTM,5.0,9.153632562655988e-06,1.75,C
2020-07-17,0.08767123287671233,0.0,3540.0,C,OTM,5.0,9.10199016885314e-06,1.675,C
2020-07-17,0.08767123287671233,0.0,3540.0,C,OTM,5.0,9.10199016885314e-06,1.6,C
2020-07-17,0.08767123287671233,0.0,3550.0,C,OTM,5.0,9.050783574687562e-06,1.575,C
2020-07-17,0.08767123287671233,0.0,3550.0,C,OTM,12.5,2.2626958936718907e-05,1.475,C
2020-07-17,0.08767123287671233,0.0,3575.0,C,OTM,12.5,2.231160447943665e-05,1.25,C
2020-07-17,0.08767123287671233,0.0,3575.0,C,OTM,12.5,2.231160447943665e-05,1.325,C
2020-07-17,0.08767123287671233,0.0,3600.0,C,OTM,12.5,2.2002797067901235e-05,1.1,C
2020-07-17,0.08767123287671233,0.0,3600.0,C,OTM,12.5,2.2002797067901235e-05,1.075,C
2020-07-17,0.08767123287671233,0.0,3625.0,C,OTM,12.5,2.170035671819263e-05,0.925,C
2020-07-17,0.08767123287671233,0.0,3625.0,C,OTM,12.5,2.170035671819263e-05,0.925,C
2020-07-17,0.08767123287671233,0.0,3650.0,C,OTM,12.5,2.1404109589041096e-05,0.75,C
2020-07-17,0.08767123287671233,0.0,3650.0,C,OTM,12.5,2.1404109589041096e-05,0.7749999999999999,C
2020-07-17,0.08767123287671233,0.0,3675.0,C,OTM,12.5,2.1113887731963534e-05,0.675,C
2020-07-17,0.08767123287671233,0.0,3675.0,C,OTM,12.5,2.1113887731963534e-05,0.675,C
2020-07-17,0.08767123287671233,0.0,3700.0,C,OTM,12.5,2.08295288531775e-05,0.575,C
2020-07-17,0.08767123287671233,0.0,3700.0,C,OTM,12.5,2.08295288531775e-05,0.575,C
2020-07-17,0.08767123287671233,0.0,3725.0,C,OTM,12.5,2.055087608666276e-05,0.47500000000000003,C
2020-07-17,0.08767123287671233,0.0,3725.0,C,OTM,12.5,2.055087608666276e-05,0.5,C
2020-07-17,0.08767123287671233,0.0,3750.0,C,OTM,12.5,2.0277777777777776e-05,0.45,C
2020-07-17,0.08767123287671233,0.0,3750.0,C,OTM,12.5,2.0277777777777776e-05,0.425,C
2020-07-17,0.08767123287671233,0.0,3775.0,C,OTM,12.5,2.001008727687382e-05,0.375,C
2020-07-17,0.08767123287671233,0.0,3775.0,C,OTM,12.5,2.001008727687382e-05,0.375,C
2020-07-17,0.08767123287671233,0.0,3800.0,C,OTM,12.5,1.974766274238227e-05,0.325,C
2020-07-17,0.08767123287671233,0.0,3800.0,C,OTM,25.0,3.949532548476454e-05,0.325,C
2020-07-17,0.08767123287671233,0.0,3850.0,C,OTM,25.0,3.847613425535504e-05,0.25,C
2020-07-17,0.08767123287671233,0.0,3850.0,C,OTM,25.0,3.847613425535504e-05,0.275,C
2020-07-17,0.08767123287671233,0.0,3900.0,C,OTM,25.0,3.7495890861275475e-05,0.22499999999999998,C
2020-07-17,0.08767123287671233,0.0,3900.0,C,OTM,50.0,7.499178172255095e-05,0.2,C
2020-07-17,0.08767123287671233,0.0,4000.0,C,OTM,50.0,7.128906250000001e-05,0.175,C
2020-07-17,0.08767123287671233,0.0,4000.0,C,OTM,50.0,7.128906250000001e-05,0.175,C
2020-07-17,0.08767123287671233,0.0,4100.0,C,OTM,50.0,6.785395597858418e-05,0.125,C
2020-07-17,0.08767123287671233,0.0,4100.0,C,OTM,50.0,6.785395597858418e-05,0.15,C
2020-07-17,0.08767123287671233,0.0,4200.0,C,OTM,50.0,6.466128117913832e-05,0.125,C
2020-07-17,0.08767123287671233,0.0,4200.0,C,OTM,50.0,6.466128117913832e-05,0.1,C
2020-07-17,0.08767123287671233,0.0,4300.0,C,OTM,50.0,6.16887506760411e-05,0.075,C
2020-07-17,0.08767123287671233,0.0,4300.0,C,OTM,50.0,6.16887506760411e-05,0.1,C
2020-07-17,0.08767123287671233,0.0,4400.0,C,OTM,50.0,5.89165805785124e-05,0.1,C
2020-07-17,0.08767123287671233,0.0,4400.0,C,OTM,50.0,5.89165805785124e-05,0.075,C
2020-07-17,0.08767123287671233,0.0,4500.0,C,OTM,50.0,5.632716049382716e-05,0.05,C
2020-07-17,0.08767123287671233,0.0,4500.0,C,OTM,50.0,5.632716049382716e-05,0.1,C
2020-07-17,0.08767123287671233,0.0,4600.0,C,OTM,50.0,5.390477315689981e-05,0.05,C
2020-07-17,0.08767123287671233,0.0,4600.0,C,OTM,50.0,5.390477315689981e-05,0.1,C
2020-07-17,0.08767123287671233,0.0,4700.0,C,OTM,50.0,5.163535536441829e-05,0.1,C
2020-07-17,0.08767123287671233,0.0,4700.0,C,OTM,50.0,5.163535536441829e-05,0.05,C
2020-07-17,0.08767123287671233,0.0,4800.0,C,OTM,50.0,4.950629340277778e-05,0.05,C
2020-07-17,0.08767123287671233,0.0,4800.0,C,OTM,0.0,0.0,0.1,C
2020-07-17,0.08767123287671233,0.0,3055.0,M,B,,7.638366178160835e-08,,M
